City_ID,City,Country,Date,Lat,Lng,Max Temp,Humidity,Cloudiness,Wind Speed
0,Nerchinskiy Zavod,RU,2022-01-31 23:22:39,51.3088,119.61,-26.52,100,43,1.7
1,Aripuana,BR,2022-01-31 23:22:39,-9.1667,-60.6333,72.18,97,100,1.86
2,Tasiilaq,GL,2022-01-31 23:22:40,65.6145,-37.6368,8.76,98,99,4.61
3,Hofn,IS,2022-01-31 23:22:41,64.2539,-15.2082,31.14,88,96,8.5
4,Barinas,VE,2022-01-31 23:22:42,8.6226,-70.2075,85.3,29,6,6.04
5,Derzhavinsk,KZ,2022-01-31 23:22:43,51.1,66.3167,19.49,94,100,16.58
6,Butaritari,KI,2022-01-31 23:22:43,3.0707,172.7902,81.3,79,93,13.02
7,Port Alfred,ZA,2022-01-31 23:22:44,-33.5906,26.891,75.22,95,100,5.48
8,Taltal,CL,2022-01-31 23:22:45,-25.4,-70.4833,67.6,71,3,6.58
9,Grindavik,IS,2022-01-31 23:22:45,63.8424,-22.4338,39.67,87,40,26.46
10,Dawei,MM,2022-01-31 23:22:46,14.0833,98.2,62.8,71,12,3.0
11,Bluff,NZ,2022-01-31 23:22:47,-46.6,168.3333,75.79,79,28,2.06
12,Ushuaia,AR,2022-01-31 23:22:47,-54.8,-68.3,42.46,87,40,24.16
13,Mananara,MG,2022-01-31 23:22:48,-16.1667,49.7667,74.34,93,55,5.95
14,Pombas,CV,2022-01-31 23:22:49,17.1503,-25.0201,67.78,76,100,9.4
15,Cape Town,ZA,2022-01-31 23:22:38,-33.9258,18.4232,74.12,80,0,2.3
16,Ushtobe,KZ,2022-01-31 23:22:50,45.2514,77.9838,21.09,83,100,8.79
17,Qaanaaq,GL,2022-01-31 23:22:51,77.484,-69.3632,-22.59,51,0,10.22
18,Severo-Kurilsk,RU,2022-01-31 23:22:52,50.6789,156.125,28.85,76,100,20.02
19,Caravelas,BR,2022-01-31 23:20:42,-17.7125,-39.2481,79.56,84,1,10.09
20,Nikolskoye,RU,2022-01-31 23:22:53,59.7035,30.7861,26.4,96,100,5.08
21,Vaini,TO,2022-01-31 23:22:33,-21.2,-175.2,86.16,79,75,10.36
22,Chuy,UY,2022-01-31 23:22:55,-33.6971,-53.4616,65.08,61,31,11.52
23,Sitka,US,2022-01-31 23:18:25,57.0531,-135.33,35.49,80,75,3.44
24,Ambon,ID,2022-01-31 23:20:01,-3.6954,128.1814,84.34,70,40,9.22
25,Kaitangata,NZ,2022-01-31 23:18:23,-46.2817,169.8464,70.93,73,59,4.65
26,Morondava,MG,2022-01-31 23:22:58,-20.2833,44.2833,78.39,78,0,3.02
27,Georgetown,MY,2022-01-31 23:18:12,5.4112,100.3354,79.9,86,20,1.01
28,Sungaipenuh,ID,2022-01-31 23:22:59,-2.0833,101.3833,63.88,96,96,2.08
29,Ludvika,SE,2022-01-31 23:23:00,60.1496,15.1878,15.33,66,100,3.11
30,Rikitea,PF,2022-01-31 23:23:00,-23.1203,-134.9692,77.7,66,68,3.69
31,Kodiak,US,2022-01-31 23:18:31,57.79,-152.4072,29.71,74,100,5.75
32,Lebu,CL,2022-01-31 23:21:02,-37.6167,-73.65,59.4,72,0,17.98
33,Meulaboh,ID,2022-01-31 23:23:02,4.1363,96.1285,76.33,87,32,2.37
34,General Roca,AR,2022-01-31 23:23:03,-39.0333,-67.5833,84.6,13,0,9.37
35,Lompoc,US,2022-01-31 23:21:30,34.6391,-120.4579,66.51,73,0,9.22
36,Saint-Leu,RE,2022-01-31 23:23:05,-21.15,55.2833,77.86,78,89,14.2
37,Pimentel,PE,2022-01-31 23:23:06,-6.8367,-79.9342,73.69,68,0,18.41
38,Arraial Do Cabo,BR,2022-01-31 23:21:13,-22.9661,-42.0278,75.16,94,75,3.44
39,Perisoru,RO,2022-01-31 23:23:07,44.45,27.55,37.81,65,86,7.05
40,Aswan,EG,2022-01-31 23:23:09,24.0934,32.907,52.25,55,0,8.03
41,Talnakh,RU,2022-01-31 23:23:09,69.4865,88.3972,6.21,95,100,8.75
42,Albany,US,2022-01-31 23:23:10,42.6001,-73.9662,22.57,62,7,1.39
43,Leningradskiy,RU,2022-01-31 23:23:18,69.3833,178.4167,-17.34,95,36,9.28
44,Atambua,ID,2022-01-31 23:24:12,-9.1061,124.8925,75.06,85,98,12.19
45,Qasigiannguit,GL,2022-01-31 23:24:12,68.8193,-51.1922,8.85,85,100,9.8
46,Vardo,NO,2022-01-31 23:24:13,70.3705,31.1107,14.2,81,59,8.55
47,Padang,ID,2022-01-31 23:24:14,-0.9492,100.3543,77.05,88,62,3.18
48,Atuona,PF,2022-01-31 23:24:14,-9.8,-139.0333,78.51,75,16,19.19
49,Cacoal,BR,2022-01-31 23:24:16,-11.4386,-61.4472,70.9,99,100,1.1
50,Yulara,AU,2022-01-31 23:23:52,-25.2406,130.9889,71.44,100,100,17.27
51,Klaksvik,FO,2022-01-31 23:24:17,62.2266,-6.589,47.32,87,100,34.92
52,Souillac,MU,2022-01-31 23:24:18,-20.5167,57.5167,80.37,78,75,14.97
53,Lastoursville,GA,2022-01-31 23:24:18,-0.8143,12.7287,75.06,69,81,2.59
54,Bandarbeyla,SO,2022-01-31 23:24:19,9.4942,50.8122,76.37,77,57,15.28
55,Puerto Ayora,EC,2022-01-31 23:23:17,-0.7393,-90.3518,74.55,92,63,3.0
56,Busselton,AU,2022-01-31 23:23:13,-33.65,115.3333,62.04,59,20,15.5
57,Hilo,US,2022-01-31 23:24:21,19.7297,-155.09,80.33,61,20,11.5
58,Bethel,US,2022-01-31 23:24:22,41.3712,-73.414,25.66,90,65,0.74
59,Kapaa,US,2022-01-31 23:22:23,22.0752,-159.319,75.18,72,0,3.0
60,Hasaki,JP,2022-01-31 23:24:23,35.7333,140.8333,36.0,43,74,6.22
61,Jasper,US,2022-01-31 23:24:24,37.2001,-94.3502,64.45,25,0,13.8
62,Tabou,CI,2022-01-31 23:19:34,4.423,-7.3528,79.18,84,78,5.99
63,Hobart,AU,2022-01-31 23:24:25,-42.8794,147.3294,86.02,51,40,1.01
64,Rio Cuarto,AR,2022-01-31 23:20:17,-33.1307,-64.3499,73.17,60,0,10.36
65,Dikson,RU,2022-01-31 23:24:27,73.5069,80.5464,-3.35,91,100,17.96
66,Pangoa,PE,2022-01-31 23:24:28,-12.1167,-73.0,70.2,97,100,0.94
67,Upernavik,GL,2022-01-31 23:24:28,72.7868,-56.1549,-19.8,99,92,6.4
68,Gwadar,PK,2022-01-31 23:24:29,25.1216,62.3254,71.2,63,0,2.06
69,Torbay,CA,2022-01-31 23:24:30,47.6666,-52.7314,32.58,76,75,14.97
70,Akyab,MM,2022-01-31 23:24:31,20.15,92.9,59.16,60,18,6.29
71,La Asuncion,VE,2022-01-31 23:24:32,11.0333,-63.8628,76.59,84,40,12.91
72,Rivera,UY,2022-01-31 23:24:32,-30.9053,-55.5508,79.7,46,24,17.36
73,Maldonado,UY,2022-01-31 23:24:26,-34.6667,-54.9167,65.59,63,6,7.52
74,Punta Arenas,CL,2022-01-31 23:24:34,-53.15,-70.9167,46.51,81,40,24.16
75,Salalah,OM,2022-01-31 23:24:35,17.0151,54.0924,68.09,77,0,3.44
76,Maarianhamina,AX,2022-01-31 23:24:35,60.0973,19.9348,22.86,80,100,6.91
77,Mataura,NZ,2022-01-31 23:24:36,-46.1927,168.8643,75.47,54,63,2.15
78,Tura,IN,2022-01-31 23:24:37,25.5198,90.2201,55.69,60,31,4.16
79,Le Port,RE,2022-01-31 23:24:38,-20.9373,55.2919,78.8,80,92,0.83
80,Tutoia,BR,2022-01-31 23:24:39,-2.7619,-42.2744,84.18,84,24,12.01
81,Sosnovka,RU,2022-01-31 23:24:39,56.255,51.2842,27.64,96,100,9.93
82,Hithadhoo,MV,2022-01-31 23:24:40,-0.6,73.0833,82.2,74,22,9.35
83,Cumana,VE,2022-01-31 23:24:41,10.4635,-64.1775,77.13,82,52,9.57
84,Hamilton,US,2022-01-31 23:21:40,39.1834,-84.5333,37.24,64,0,0.0
85,Novobirilyussy,RU,2022-01-31 23:24:43,56.9514,90.6661,-8.19,96,11,3.83
86,Pauini,BR,2022-01-31 23:24:44,-7.7136,-66.9764,79.34,71,95,2.01
87,Saskylakh,RU,2022-01-31 23:24:45,71.9167,114.0833,-28.75,100,88,2.17
88,Tuktoyaktuk,CA,2022-01-31 23:25:45,69.4541,-133.0374,-18.4,76,75,0.0
89,Dagda,LV,2022-01-31 23:25:46,56.0951,27.5372,22.62,94,99,7.27
90,Esperance,AU,2022-01-31 23:25:47,-33.8667,121.9,64.24,59,89,16.73
91,Longyearbyen,SJ,2022-01-31 23:22:42,78.2186,15.6401,12.04,67,20,9.22
92,Yeppoon,AU,2022-01-31 23:25:49,-23.1333,150.7333,85.78,63,36,3.29
93,Husavik,IS,2022-01-31 23:25:53,66.0449,-17.3389,21.11,94,100,7.72
94,Avarua,CK,2022-01-31 23:25:40,-21.2078,-159.775,73.45,100,100,11.5
95,Bredasdorp,ZA,2022-01-31 23:28:09,-34.5322,20.0403,73.27,88,63,4.61
96,Veraval,IN,2022-01-31 23:28:09,20.9,70.3667,68.34,79,0,11.34
97,New London,US,2022-01-31 23:28:10,41.4834,-72.0662,25.77,66,0,0.0
98,Umm Lajj,SA,2022-01-31 23:28:11,25.0213,37.2685,60.22,53,4,10.38
99,Aksarayskiy,RU,2022-01-31 23:28:11,46.7924,48.0119,26.55,93,89,7.83
100,Alofi,NU,2022-01-31 23:27:04,-19.0595,-169.9187,78.69,83,75,9.22
101,Biak,ID,2022-01-31 23:28:12,-0.9131,122.8766,77.05,78,81,3.62
102,Pedernales,DO,2022-01-31 23:28:13,18.0384,-71.744,76.66,75,12,1.68
103,Koundara,GN,2022-01-31 23:28:14,12.4833,-13.3,84.16,12,86,5.82
104,Ostrovnoy,RU,2022-01-31 23:28:14,68.0531,39.5131,12.15,96,99,5.7
105,Pecos,US,2022-01-31 23:28:15,31.4229,-103.4932,68.31,15,0,0.0
106,Pisco,PE,2022-01-31 23:28:16,-13.7,-76.2167,73.45,73,40,19.57
107,Ngunguru,NZ,2022-01-31 23:28:17,-35.6167,174.5,72.16,82,100,17.67
108,Akureyri,IS,2022-01-31 23:28:17,65.6835,-18.0878,21.13,100,100,8.05
109,Orapa,BW,2022-01-31 23:28:18,-21.2833,25.3667,73.69,68,96,12.26
110,Tessalit,ML,2022-01-31 23:28:19,20.1986,1.0114,65.84,12,59,9.78
111,Lagoa,PT,2022-01-31 23:23:58,39.05,-27.9833,58.69,78,27,23.98
112,Narsaq,GL,2022-01-31 23:28:20,60.9167,-46.05,26.82,92,100,5.23
113,Pandan,PH,2022-01-31 23:28:26,14.0453,124.1694,77.49,85,77,16.24
114,Wembley,AU,2022-01-31 23:26:07,-31.9333,115.8,67.68,59,20,25.32
115,Lai,TD,2022-01-31 23:28:29,9.3952,16.2989,69.94,18,97,5.75
116,Catuday,PH,2022-01-31 23:28:37,16.2923,119.8062,74.93,73,4,11.25
117,Bullhead City,US,2022-01-31 23:25:21,35.1478,-114.5683,70.86,12,100,0.0
118,Koslan,RU,2022-01-31 23:28:39,63.4564,48.8989,1.38,99,99,4.41
119,Fairbanks,US,2022-01-31 23:25:32,64.8378,-147.7164,-2.07,72,0,0.0
120,Chumikan,RU,2022-01-31 23:28:40,54.7183,135.315,-5.64,87,76,14.2
121,Faya,SA,2022-01-31 23:28:41,18.3851,42.4509,53.71,80,3,6.51
122,Hermanus,ZA,2022-01-31 23:28:42,-34.4187,19.2345,73.9,85,12,8.61
123,Walvis Bay,NA,2022-01-31 23:28:43,-22.9575,14.5053,70.09,82,86,7.14
124,Yellowknife,CA,2022-01-31 23:28:11,62.456,-114.3525,-9.58,83,20,5.75
125,Ponta Do Sol,PT,2022-01-31 23:25:17,32.6667,-17.1,66.0,85,35,11.83
126,Tibati,CM,2022-01-31 23:28:45,6.4667,12.6333,67.32,18,38,6.76
127,Bahadurgarh,IN,2022-01-31 23:28:46,28.6833,76.9167,50.11,59,0,1.68
128,Valdivia,CL,2022-01-31 23:28:47,-39.8142,-73.2459,68.09,57,0,3.69
129,Dillon,US,2022-01-31 23:27:37,34.4166,-79.3712,53.58,60,34,7.38
130,Leshukonskoye,RU,2022-01-31 23:28:49,64.8989,45.7622,2.55,98,100,3.53
131,Ardabil,IR,2022-01-31 23:29:49,38.2498,48.2933,13.55,85,0,4.61
132,Sao Filipe,CV,2022-01-31 23:29:50,14.8961,-24.4956,74.46,70,100,7.74
133,Manono,CD,2022-01-31 23:29:51,-7.3,27.4167,66.0,99,100,2.53
134,Cayenne,GF,2022-01-31 23:29:52,4.9333,-52.3333,81.09,84,20,3.0
135,Victoria,HK,2022-01-31 23:25:47,22.2855,114.1577,58.95,92,99,11.48
136,Chapais,CA,2022-01-31 23:29:53,49.7834,-74.8492,-11.42,97,96,2.71
137,Jamestown,US,2022-01-31 23:29:53,42.097,-79.2353,29.84,50,0,5.75
138,Yashkul,RU,2022-01-31 23:29:54,46.1711,45.3435,34.95,80,94,7.61
139,Ancud,CL,2022-01-31 23:29:55,-41.8697,-73.8203,61.43,72,2,8.61
140,Beitbridge,ZW,2022-01-31 23:29:56,-22.2167,30.0,72.93,66,1,9.37
141,Mali,GN,2022-01-31 23:29:56,12.079,-12.2982,67.46,14,99,1.23
142,New Norfolk,AU,2022-01-31 23:29:57,-42.7826,147.0587,81.72,43,25,1.99
143,Maltahohe,NA,2022-01-31 23:29:58,-24.8333,16.9833,73.11,64,91,6.73
144,Tarquinia,IT,2022-01-31 23:29:58,42.2482,11.7553,47.62,94,35,12.55
145,Santa Cruz,BO,2022-01-31 23:29:59,-17.8,-63.1667,83.66,70,75,11.5
146,San Cristobal,VE,2022-01-31 23:29:59,7.7669,-72.225,75.38,73,78,3.04
147,Hermiston,US,2022-01-31 23:29:55,45.8404,-119.2895,50.2,56,0,23.02
148,Codrington,AU,2022-01-31 23:30:01,-38.2667,141.9667,62.74,62,67,20.69
149,Vila Velha,BR,2022-01-31 23:27:39,-20.3297,-40.2925,79.95,79,75,4.61
150,Dudinka,RU,2022-01-31 23:30:03,69.4058,86.1778,6.62,94,98,8.16
151,Pozo Colorado,PY,2022-01-31 23:30:04,-23.4923,-58.7972,86.9,21,15,5.88
152,Port Elizabeth,ZA,2022-01-31 23:30:06,-33.918,25.5701,73.69,94,100,9.22
153,Mar Del Plata,AR,2022-01-31 23:30:07,-38.0023,-57.5575,65.08,57,0,3.0
154,Aquiraz,BR,2022-01-31 23:30:08,-3.9014,-38.3911,82.49,76,34,10.25
155,Soyo,AO,2022-01-31 23:30:09,-6.1349,12.3689,78.75,86,99,7.2
156,Lavrentiya,RU,2022-01-31 23:29:04,65.5833,-171.0,-0.42,83,56,11.65
157,Khani,GE,2022-01-31 23:25:58,41.9563,42.9566,29.77,81,100,6.17
158,Santa Rosa,PH,2022-01-31 23:28:07,14.3122,121.1114,80.1,72,59,13.2
159,Hirado,JP,2022-01-31 23:30:11,33.3597,129.5531,40.35,69,97,20.76
160,Koshurnikovo,RU,2022-01-31 23:30:12,54.1667,93.3,-18.15,99,34,3.44
161,Saint-Philippe,RE,2022-01-31 23:25:47,-21.3585,55.7679,78.39,80,98,14.23
162,Thompson,CA,2022-01-31 23:30:13,55.7435,-97.8558,1.56,78,100,6.91
163,Utica,US,2022-01-31 23:29:11,43.1009,-75.2327,20.32,89,13,2.64
164,Ambilobe,MG,2022-01-31 23:30:14,-13.2,49.05,73.74,94,93,1.52
165,Kavieng,PG,2022-01-31 23:30:12,-2.5744,150.7967,80.87,79,100,7.58
166,Bambous Virieux,MU,2022-01-31 23:30:15,-20.3428,57.7575,80.22,78,75,14.97
167,Paracuru,BR,2022-01-31 23:30:17,-3.41,-39.0306,82.42,75,40,10.92
168,Muros,ES,2022-01-31 23:30:17,42.7762,-9.0603,51.1,75,5,14.43
169,Khatanga,RU,2022-01-31 23:30:18,71.9667,102.5,-29.13,100,42,2.82
170,Cherskiy,RU,2022-01-31 23:27:41,68.75,161.3,-11.0,92,100,4.54
171,Raudeberg,NO,2022-01-31 23:30:19,61.9875,5.1352,30.87,87,100,3.0
172,San Carlos De Bariloche,AR,2022-01-31 23:25:45,-41.1456,-71.3082,68.45,41,0,27.63
173,Bratsk,RU,2022-01-31 23:30:21,56.1325,101.6142,-10.66,100,99,1.72
174,Puerto Escondido,MX,2022-01-31 23:30:21,15.85,-97.0667,85.03,61,40,11.5
175,San Juan,AR,2022-01-31 23:30:22,-31.5375,-68.5364,85.62,23,1,7.45
176,Guasdualito,VE,2022-01-31 23:30:23,7.2424,-70.7324,87.76,45,0,3.44
177,Murgab,TM,2022-01-31 23:26:18,37.4966,61.9714,33.67,80,0,4.61
178,Winnemucca,US,2022-01-31 23:30:24,40.973,-117.7357,48.25,27,0,12.66
179,Santa Isabel Do Rio Negro,BR,2022-01-31 23:30:25,-0.4139,-65.0192,79.27,73,100,3.0
180,Nanortalik,GL,2022-01-31 23:26:41,60.1432,-45.2371,26.82,80,100,20.71
181,Keti Bandar,PK,2022-01-31 23:31:27,24.1447,67.4497,70.0,87,0,8.43
182,Westport,US,2022-01-31 23:31:28,41.1415,-73.3579,27.18,62,0,0.0
183,Ribeira Grande,PT,2022-01-31 23:27:05,38.5167,-28.7,60.01,74,15,15.14
184,Laureles,US,2022-01-31 23:31:29,26.1092,-97.4941,78.84,69,75,5.01
185,Vammala,FI,2022-01-31 23:31:30,61.3333,22.9,14.7,97,80,4.88
186,Moorhead,US,2022-01-31 23:26:55,46.8739,-96.7676,26.62,76,100,11.01
187,Nanakuli,US,2022-01-31 23:31:31,21.3906,-158.1547,80.55,55,0,10.36
188,Shimoda,JP,2022-01-31 23:31:32,34.6667,138.95,47.1,61,31,12.03
189,Fortuna,US,2022-01-31 23:31:33,40.5982,-124.1573,54.43,70,0,5.99
190,Saint-Augustin,CA,2022-01-31 23:26:33,51.226,-58.6502,1.98,97,82,5.48
191,Shira,RU,2022-01-31 23:31:34,54.4911,89.9531,-4.61,96,86,2.33
192,Pinega,RU,2022-01-31 23:31:35,64.7001,43.3936,1.98,99,100,3.18
193,Namibe,AO,2022-01-31 23:31:35,-15.1961,12.1522,71.87,74,97,8.52
194,Okhotsk,RU,2022-01-31 23:31:36,59.3833,143.3,7.29,75,92,17.13
195,Barrow,US,2022-01-31 23:30:03,71.2906,-156.7887,-12.98,77,20,10.36
196,Grand Gaube,MU,2022-01-31 23:31:37,-20.0064,57.6608,80.38,70,54,5.01
197,Constitucion,CL,2022-01-31 23:31:38,-35.3333,-72.4167,59.81,75,0,11.23
198,Pevek,RU,2022-01-31 23:31:39,69.7008,170.3133,-13.77,95,100,1.59
199,Marolambo,MG,2022-01-31 23:31:40,-20.05,48.1167,68.65,98,94,1.97
200,Villa Carlos Paz,AR,2022-01-31 23:31:41,-31.4241,-64.4978,76.39,31,9,4.0
201,Susanville,US,2022-01-31 23:31:42,40.4163,-120.653,47.66,41,0,6.91
202,Marsh Harbour,BS,2022-01-31 23:30:27,26.5412,-77.0636,64.9,53,0,9.91
203,Praxedis Guerrero,MX,2022-01-31 23:31:43,31.3667,-106.0167,65.66,24,2,13.98
204,Tilichiki,RU,2022-01-31 23:31:44,60.4667,166.1,7.47,87,100,8.1
205,Huanren,CN,2022-01-31 23:31:44,41.2647,125.3667,15.03,86,89,4.05
206,Sorland,NO,2022-01-31 23:31:47,67.667,12.6934,34.47,55,100,10.27
207,Airai,TL,2022-01-31 23:29:26,-8.9266,125.4092,63.61,81,82,4.81
208,Forssa,FI,2022-01-31 23:31:48,60.8146,23.6215,18.95,95,100,6.04
209,Barra Do Garcas,BR,2022-01-31 23:31:49,-15.89,-52.2567,75.78,94,75,2.66
210,Oroville,US,2022-01-31 23:30:06,39.5138,-121.5564,66.34,37,0,8.01
211,Eenhana,NA,2022-01-31 23:31:50,-17.4667,16.3333,68.94,51,100,6.08
212,Khuzhir,RU,2022-01-31 23:31:51,53.1939,107.3397,-1.23,95,90,1.92
213,Morgan City,US,2022-01-31 23:31:52,29.6994,-91.2068,63.0,69,60,8.79
214,Rybnaya Sloboda,RU,2022-01-31 23:31:53,55.4613,50.1409,30.18,92,100,16.84
215,Zyryanka,RU,2022-01-31 23:31:54,65.75,150.85,-12.48,94,100,10.92
216,Allende,MX,2022-01-31 23:31:55,25.2833,-100.0167,83.32,51,0,4.07
217,Catamarca,AR,2022-01-31 23:30:45,-28.4696,-65.7852,86.77,43,54,1.99
218,Severomorsk,RU,2022-01-31 23:31:56,69.0689,33.4162,-6.61,100,89,6.33
219,Karasjok,NO,2022-01-31 23:31:57,69.4719,25.5112,6.91,100,55,3.6
220,Gat,IL,2022-01-31 23:31:58,31.61,34.7642,51.4,100,54,9.24
221,Baraki Barak,AF,2022-01-31 23:31:59,33.9675,68.9486,7.14,72,0,3.09
222,Arlit,NE,2022-01-31 23:32:00,18.7369,7.3853,54.3,21,0,3.6
223,Awbari,LY,2022-01-31 23:32:00,26.5921,12.7805,48.0,45,0,5.73
224,Blagoyevo,RU,2022-01-31 23:32:01,63.3667,47.9167,1.69,98,98,4.03
225,Portland,US,2022-01-31 23:32:02,45.5234,-122.6762,48.69,80,100,1.01
226,Rostovka,RU,2022-01-31 23:33:03,55.3842,71.8891,23.04,95,100,10.25
227,Arman,RU,2022-01-31 23:33:04,59.7,150.1667,3.54,79,89,14.36
228,Sao Joao Da Barra,BR,2022-01-31 23:29:36,-21.6403,-41.0511,78.89,89,98,4.9
229,Slatina,RO,2022-01-31 23:33:05,44.4333,24.3667,35.44,74,100,2.3
230,Nantucket,US,2022-01-31 23:33:06,41.2835,-70.0995,24.1,63,0,5.75
231,Boa Vista,BR,2022-01-31 23:33:06,2.8197,-60.6733,87.78,48,20,6.91
232,Buraydah,SA,2022-01-31 23:33:07,26.326,43.975,54.05,36,14,9.91
233,Dickinson,US,2022-01-31 23:33:08,29.4608,-95.0513,60.04,93,100,1.99
234,Krasnovishersk,RU,2022-01-31 23:33:09,60.4078,57.082,-3.06,100,94,3.27
235,Touros,BR,2022-01-31 23:33:10,-5.1989,-35.4608,79.7,73,63,12.88
236,Nouadhibou,MR,2022-01-31 23:33:11,20.931,-17.0347,66.18,77,100,9.22
237,Skjervoy,NO,2022-01-31 23:33:12,70.0311,20.9714,31.1,53,100,9.33
238,Isangel,VU,2022-01-31 23:33:13,-19.55,169.2667,82.51,89,100,5.75
239,Lorengau,PG,2022-01-31 23:33:14,-2.0226,147.2712,77.83,90,100,10.31
240,Mastic Beach,US,2022-01-31 23:33:14,40.7668,-72.8521,27.14,63,0,1.99
241,Puerto Del Rosario,ES,2022-01-31 23:33:15,28.5004,-13.8627,69.48,64,100,8.05
242,Marzuq,YE,2022-01-31 23:33:16,14.4,46.4667,59.72,64,54,5.59
243,Angoram,PG,2022-01-31 23:33:17,-4.0625,144.0661,77.02,89,100,3.69
244,Henties Bay,NA,2022-01-31 23:33:18,-22.116,14.2845,69.85,78,100,6.31
245,Kanniyakumari,IN,2022-01-31 23:33:19,8.0833,77.5667,76.64,83,1,13.98
246,Tera,NE,2022-01-31 23:33:19,14.0078,0.7531,68.65,14,1,10.94
247,Nieuw Amsterdam,SR,2022-01-31 23:33:20,5.8833,-55.0833,80.62,83,40,6.91
248,Geilo,NO,2022-01-31 23:33:20,60.5333,8.2076,12.11,88,100,7.85
249,Acari,PE,2022-01-31 23:33:21,-15.4311,-74.6158,72.95,76,100,6.15
250,Flinders,AU,2022-01-31 23:30:28,-34.5833,150.8552,83.8,73,11,5.99
251,Kapit,MY,2022-01-31 23:32:38,2.0167,112.9333,73.81,98,99,1.7
252,Parabel,RU,2022-01-31 23:33:23,58.6978,81.4825,4.84,95,83,7.74
253,Nizhnyaya Poyma,RU,2022-01-31 23:33:24,56.1622,97.1933,-11.02,100,71,2.44
254,Chokurdakh,RU,2022-01-31 23:30:25,70.6333,147.9167,-12.89,95,100,1.86
255,Zhuhai,CN,2022-01-31 23:29:13,22.2769,113.5678,58.69,93,40,19.57
256,Castro,BR,2022-01-31 23:30:21,-24.7911,-50.0119,64.31,90,9,4.18
257,Srednekolymsk,RU,2022-01-31 23:33:27,67.45,153.6833,-14.66,93,100,3.69
258,Broome,US,2022-01-31 23:33:28,42.2506,-75.833,20.05,70,9,1.01
259,Ilulissat,GL,2022-01-31 23:33:28,69.2167,-51.1,8.62,66,40,13.8
260,Provideniya,RU,2022-01-31 23:32:01,64.3833,-173.3,8.71,56,40,20.13
261,Horsham,GB,2022-01-31 23:32:10,51.064,-0.3272,44.49,79,40,9.22
262,Sola,VU,2022-01-31 23:33:31,-13.8833,167.55,78.19,89,100,21.16
263,Abadiania,BR,2022-01-31 23:31:11,-16.2042,-48.7069,67.12,97,100,2.86
264,Clyde River,CA,2022-01-31 23:29:33,70.4692,-68.5914,-34.37,67,75,6.91
265,Mount Gambier,AU,2022-01-31 23:31:47,-37.8333,140.7667,66.11,52,75,19.57
266,Puerto Carreno,CO,2022-01-31 23:33:33,6.189,-67.4859,91.38,38,40,4.61
267,Honningsvag,NO,2022-01-31 23:33:34,70.9821,25.9704,29.52,73,100,12.59
268,Dingle,PH,2022-01-31 23:32:42,10.9995,122.6711,77.59,88,100,9.06
269,Pangnirtung,CA,2022-01-31 23:33:35,66.1451,-65.7125,-25.6,68,20,2.3
270,Chaves,US,2022-01-31 23:33:36,33.3834,-104.4505,68.41,13,0,13.8
271,Poronaysk,RU,2022-01-31 23:33:37,49.2167,143.1167,12.04,79,100,8.61
272,Jimo,CN,2022-01-31 23:33:38,36.3897,120.4622,22.78,58,0,11.18
273,Saint-Joseph,RE,2022-01-31 23:33:38,-21.3667,55.6167,77.38,79,98,15.61
274,Pemba,MZ,2022-01-31 23:34:39,-12.974,40.5178,78.31,82,79,6.62
275,Madison,US,2022-01-31 23:30:03,34.7334,-86.5667,54.82,40,0,5.99
276,Kokorevka,RU,2022-01-31 23:34:40,52.5872,34.2778,24.89,96,100,9.69
277,Coquimbo,CL,2022-01-31 23:34:41,-29.9533,-71.3436,65.93,77,40,10.36
278,Katangli,RU,2022-01-31 23:34:42,51.7102,143.2326,8.6,91,100,22.06
279,Jacareacanga,BR,2022-01-31 23:34:42,-6.2222,-57.7528,73.58,98,94,1.07
280,Manzhouli,CN,2022-01-31 23:34:43,49.6,117.4333,-16.15,98,9,5.97
281,Malanje,AO,2022-01-31 23:34:44,-9.5402,16.341,63.32,98,100,4.09
282,Ballina,AU,2022-01-31 23:32:41,-28.8667,153.5667,84.38,75,25,3.44
283,Norman Wells,CA,2022-01-31 23:34:45,65.282,-126.8329,5.04,72,100,11.5
284,Ketchikan,US,2022-01-31 23:34:46,55.3422,-131.6461,39.18,87,100,0.0
285,Saldanha,ZA,2022-01-31 23:34:47,-33.0117,17.9442,66.25,77,15,7.76
286,Iqaluit,CA,2022-01-31 23:30:12,63.7506,-68.5145,-29.31,66,20,3.0
287,Alice Town,BS,2022-01-31 23:34:48,25.7167,-79.3,66.54,53,1,12.17
288,Alappuzha,IN,2022-01-31 23:34:49,9.49,76.3264,76.87,83,12,4.45
289,Cascais,PT,2022-01-31 23:30:22,38.6979,-9.4215,54.46,67,0,7.0
290,Spassk,RU,2022-01-31 23:34:51,52.747,87.7545,15.12,97,100,1.45
291,Nyurba,RU,2022-01-31 23:34:55,63.2842,118.3319,-31.5,100,98,1.66
292,Ayan,RU,2022-01-31 23:34:57,56.45,138.1667,-0.36,67,99,16.11
293,Cidreira,BR,2022-01-31 23:34:57,-30.1811,-50.2056,74.79,83,30,5.3
294,Kirkkonummi,FI,2022-01-31 23:34:58,60.1238,24.4385,21.06,95,98,8.84
295,Kieta,PG,2022-01-31 23:34:59,-6.2167,155.6333,82.72,76,100,5.39
296,Goshen,US,2022-01-31 23:35:00,41.5823,-85.8344,28.29,66,0,6.91
297,Osinniki,RU,2022-01-31 23:35:01,53.6239,87.3598,6.1,98,100,1.39
298,Terrace Bay,CA,2022-01-31 23:35:01,48.7834,-87.1,28.02,80,100,22.75
299,Tagusao,PH,2022-01-31 23:35:03,9.1924,117.8141,79.93,79,15,4.38
300,Nome,US,2022-01-31 23:35:04,64.5011,-165.4064,17.67,45,0,10.36
301,Pangani,TZ,2022-01-31 23:35:04,-5.4333,38.9667,74.62,90,74,5.44
302,Newcastle,AU,2022-01-31 23:35:05,-32.9272,151.7765,86.18,71,20,8.05
303,Vostok,RU,2022-01-31 23:35:06,46.4856,135.8833,-3.26,94,99,3.65
304,Port Lincoln,AU,2022-01-31 23:35:07,-34.7333,135.8667,64.87,64,72,21.72
305,Almeria,ES,2022-01-31 23:35:08,37.1667,-2.3333,53.29,44,0,8.97
306,Evensk,RU,2022-01-31 23:35:09,61.95,159.2333,21.24,63,100,27.2
307,Kahului,US,2022-01-31 23:31:43,20.8947,-156.47,79.86,68,40,16.11
308,Kings Mountain,US,2022-01-31 23:35:10,35.2451,-81.3412,49.51,46,0,0.0
309,Avon,US,2022-01-31 23:30:23,41.4517,-82.0354,25.61,79,0,1.99
310,Adana,TR,2022-01-31 23:35:12,36.985,35.2881,46.42,87,75,5.75
311,Seoul,KR,2022-01-31 23:35:12,37.5683,126.9778,31.39,93,75,4.61
312,Nampula,MZ,2022-01-31 23:35:14,-15.1165,39.2666,71.55,88,0,4.61
313,Darovskoy,RU,2022-01-31 23:35:16,58.77,47.9564,20.14,95,100,8.43
314,Vestmannaeyjar,IS,2022-01-31 23:35:17,63.4427,-20.2734,41.41,78,90,36.08
315,San Antonio,US,2022-01-31 23:35:18,29.4241,-98.4936,63.57,88,75,1.01
316,Ranong,TH,2022-01-31 23:35:19,9.9658,98.6348,73.33,90,10,3.85
317,Igrim,RU,2022-01-31 23:35:19,63.1906,64.4162,-20.74,100,88,1.07
318,Naze,JP,2022-01-31 23:35:20,28.3667,129.4833,50.92,61,55,5.84
319,Atikokan,CA,2022-01-31 23:35:21,48.7555,-91.6216,21.92,92,100,9.89
320,Laguna,US,2022-01-31 23:35:22,38.421,-121.4238,65.14,53,0,1.99
321,Bahia Blanca,AR,2022-01-31 23:36:23,-38.7196,-62.2724,74.01,19,50,5.1
322,Surt,LY,2022-01-31 23:36:23,31.2089,16.5887,55.51,47,41,16.33
323,Uusikaupunki,FI,2022-01-31 23:36:24,60.8004,21.4084,9.12,95,32,6.55
324,Monterey,US,2022-01-31 23:36:26,36.2505,-121.2516,53.37,35,100,4.43
325,Tambura,SS,2022-01-31 23:36:26,5.6,27.4667,69.85,23,87,3.67
326,Samarinda,ID,2022-01-31 23:36:27,-0.5,117.15,74.62,97,100,3.09
327,Mayo,US,2022-01-31 23:36:28,38.8876,-76.5119,33.84,63,0,5.01
328,Wichita Falls,US,2022-01-31 23:36:28,33.9137,-98.4934,71.73,29,0,9.22
329,East London,ZA,2022-01-31 23:31:32,-33.0153,27.9116,76.93,77,100,1.68
330,Alice Springs,AU,2022-01-31 23:36:29,-23.7,133.8833,76.55,88,90,16.11
331,Nishihara,JP,2022-01-31 23:36:30,26.1842,127.7558,60.08,75,75,3.44
332,La Montanita,CO,2022-01-31 23:36:31,1.4766,-75.4398,79.7,71,100,2.75
333,Ucluelet,CA,2022-01-31 23:36:32,48.9329,-125.5528,46.09,81,9,3.0
334,Fort Nelson,CA,2022-01-31 23:36:32,58.8053,-122.7002,-0.81,78,75,2.3
335,Poso,ID,2022-01-31 23:36:35,-1.3959,120.7524,79.07,79,92,2.93
336,Mecca,SA,2022-01-31 23:36:36,21.4267,39.8261,60.73,66,19,10.89
337,Baruun-Urt,MN,2022-01-31 23:36:37,46.6806,113.2792,-11.63,95,12,5.23
338,Mukhen,RU,2022-01-31 23:36:37,48.1,136.1,1.09,90,96,4.14
339,Tuatapere,NZ,2022-01-31 23:36:39,-46.1333,167.6833,75.81,47,74,0.45
340,Sao Jose Da Coroa Grande,BR,2022-01-31 23:36:39,-8.8978,-35.1478,79.25,78,13,7.23
341,Kutum,SD,2022-01-31 23:36:40,14.2,24.6667,49.48,26,0,7.94
342,Lata,PT,2022-01-31 23:36:41,40.1629,-8.3327,49.05,61,0,4.97
343,Auki,SB,2022-01-31 23:36:41,-8.7676,160.7034,85.93,66,98,1.25
344,Kruisfontein,ZA,2022-01-31 23:34:02,-34.0033,24.7314,70.88,97,100,4.0
345,Lasa,IT,2022-01-31 23:36:43,46.6166,10.7002,35.69,95,94,7.29
346,Imeni Poliny Osipenko,RU,2022-01-31 23:36:44,52.4201,136.4853,-4.09,98,97,3.31
347,Salisbury,GB,2022-01-31 23:36:45,51.0693,-1.7957,46.29,86,90,9.22
348,Salvador,SV,2022-01-31 23:36:45,13.8333,-88.9167,78.84,53,2,4.43
349,Praia,CV,2022-01-31 23:34:26,14.9215,-23.5087,70.34,88,0,13.8
350,Jian,CN,2022-01-31 23:36:47,27.1172,114.9793,41.05,94,100,4.07
351,Vryburg,ZA,2022-01-31 23:36:47,-26.9566,24.7284,65.37,88,88,5.66
352,Kiama,AU,2022-01-31 23:36:49,-34.6833,150.8667,84.0,71,8,5.99
353,Cetraro,IT,2022-01-31 23:36:54,39.5166,15.9416,49.24,84,96,10.69
354,Hutchinson,US,2022-01-31 23:34:19,38.0608,-97.9298,63.63,22,0,17.27
355,Baghdad,IQ,2022-01-31 23:35:24,33.3406,44.4009,48.11,93,0,8.05
356,Erzin,TR,2022-01-31 23:36:57,36.9559,36.2,43.32,81,94,5.08
357,Zhangjiakou,CN,2022-01-31 23:36:57,40.81,114.8794,6.31,62,2,4.7
358,Kuching,MY,2022-01-31 23:36:58,1.55,110.3333,75.42,94,40,3.44
359,Oistins,BB,2022-01-31 23:35:42,13.0667,-59.5333,78.89,78,40,11.5
360,Ponta Delgada,PT,2022-01-31 23:36:59,37.7333,-25.6667,59.72,72,75,8.05
361,Haines Junction,CA,2022-01-31 23:37:00,60.7522,-137.5108,-13.05,58,90,3.44
362,Mitsamiouli,KM,2022-01-31 23:37:01,-11.3847,43.2844,81.03,75,32,2.48
363,Fort Saint James,CA,2022-01-31 23:37:02,54.4333,-124.25,16.92,95,100,2.04
364,Buin,CL,2022-01-31 23:37:02,-33.7333,-70.75,80.82,48,0,6.24
365,Kulykivka,UA,2022-01-31 23:37:03,51.3735,31.6466,25.0,93,97,13.31
366,Vila Franca Do Campo,PT,2022-01-31 23:33:22,37.7167,-25.4333,60.19,82,68,14.61
367,Cairns,AU,2022-01-31 23:38:05,-16.9167,145.7667,88.11,71,72,1.14
368,Taoudenni,ML,2022-01-31 23:38:06,22.6783,-3.9836,67.48,8,60,12.62
369,Banyo,CM,2022-01-31 23:38:08,6.75,11.8167,64.36,22,9,4.41
370,Mitu,CO,2022-01-31 23:35:05,1.1983,-70.1733,74.77,64,100,0.81
371,Faanui,PF,2022-01-31 23:38:11,-16.4833,-151.75,81.25,72,6,21.23
372,Cordoba,AR,2022-01-31 23:38:14,-31.4135,-64.1811,79.75,59,20,6.91
373,Malabo,GQ,2022-01-31 23:37:35,3.75,8.7833,76.86,88,20,6.91
374,Nemuro,JP,2022-01-31 23:38:18,43.3236,145.575,24.01,67,29,21.14
375,Timra,SE,2022-01-31 23:38:19,62.487,17.3257,13.68,79,100,12.66
376,Matadi,CD,2022-01-31 23:38:20,-5.8167,13.45,76.44,96,100,3.49
377,Mao,ES,2022-01-31 23:37:24,39.8885,4.2658,50.56,81,90,6.91
378,Kirakira,SB,2022-01-31 23:38:21,-10.4544,161.9205,84.79,72,93,4.63
379,Moussoro,TD,2022-01-31 23:38:22,13.6408,16.4901,59.11,16,1,15.37
380,High Level,CA,2022-01-31 23:38:23,58.5169,-117.136,-2.09,71,75,4.61
381,Carnarvon,AU,2022-01-31 23:38:24,-24.8667,113.6333,78.87,73,0,10.36
382,Kichera,RU,2022-01-31 23:38:25,55.9375,110.0997,-11.78,92,81,2.91
383,Polasara,IN,2022-01-31 23:38:26,19.7,84.8167,61.11,83,32,2.3
384,Saint-Pierre,RE,2022-01-31 23:38:27,-21.3393,55.4781,78.48,73,75,13.8
385,Sabang,ID,2022-01-31 23:38:28,5.8933,95.3214,81.64,75,98,11.92
386,Palmer,US,2022-01-31 23:35:00,42.1584,-72.3287,21.81,64,20,0.0
387,Piacabucu,BR,2022-01-31 23:38:29,-10.4056,-36.4344,79.81,78,3,9.01
388,Salinopolis,BR,2022-01-31 23:38:30,-0.6136,-47.3561,78.35,86,100,10.18
389,Sal Rei,CV,2022-01-31 23:38:31,16.1833,-22.9167,70.36,78,100,11.5
390,Acapulco,MX,2022-01-31 23:38:31,16.8634,-99.8901,84.02,61,20,10.36
391,Ivankiv,UA,2022-01-31 23:38:33,50.9386,29.8943,30.43,93,56,10.92
392,Besikduzu,TR,2022-01-31 23:38:33,41.052,39.2284,42.69,94,100,3.71
393,Bontang,ID,2022-01-31 23:38:34,0.1333,117.5,77.49,87,100,7.18
394,Bonavista,CA,2022-01-31 23:37:06,48.6499,-53.1147,33.12,69,62,15.41
395,Altos,BR,2022-01-31 23:38:36,-5.0381,-42.46,84.51,67,76,3.85
396,Abadan,IR,2022-01-31 23:38:36,30.3392,48.3043,51.75,93,75,11.5
397,Atbasar,KZ,2022-01-31 23:38:37,51.8,68.3333,19.26,95,100,12.53
398,Komsomolskiy,UZ,2022-01-31 23:38:38,40.4272,71.7189,29.62,80,96,4.61
399,Sao Raimundo Das Mangabeiras,BR,2022-01-31 23:38:39,-7.0219,-45.4811,75.61,81,44,3.67
400,Marshall,US,2022-01-31 23:37:53,34.3834,-86.3333,57.02,28,0,0.0
401,Villamontes,BO,2022-01-31 23:38:42,-21.25,-63.5,80.22,55,95,5.12
402,Claremont,US,2022-01-31 23:38:43,34.0967,-117.7198,67.69,31,0,1.01
403,Krasnokholm,RU,2022-01-31 23:38:43,51.5979,54.1567,19.15,96,99,6.29
404,Joshimath,IN,2022-01-31 23:38:44,30.5667,79.5667,30.49,53,41,7.36
405,Sao Domingos,BR,2022-01-31 23:38:45,-13.3983,-46.3183,70.52,88,92,2.21
406,Fontanka,UA,2022-01-31 23:38:46,46.5626,30.8607,33.89,72,83,4.85
407,Yankton,US,2022-01-31 23:38:47,42.8711,-97.3973,55.65,22,0,12.66
408,Mount Isa,AU,2022-01-31 23:38:48,-20.7333,139.5,83.97,79,95,14.97
409,Lixourion,GR,2022-01-31 23:38:49,38.2019,20.4314,54.37,79,95,17.83
410,Carmelo,UY,2022-01-31 23:38:49,-33.9892,-58.2856,73.17,51,7,10.67
411,Comodoro Rivadavia,AR,2022-01-31 23:38:50,-45.8667,-67.5,75.06,23,35,25.32
412,Lima,PE,2022-01-31 23:35:23,-12.0432,-77.0282,74.39,81,0,1.99
413,Kudahuvadhoo,MV,2022-01-31 23:39:52,2.6708,72.8944,81.91,77,22,11.5
414,Mareeba,AU,2022-01-31 23:39:55,-17.0,145.4333,83.48,87,79,7.02
415,Saint-Francois,FR,2022-01-31 23:39:56,46.4154,3.9054,35.42,85,0,3.44
416,Aukra,NO,2022-01-31 23:39:56,62.7925,6.919,31.98,93,100,9.22
417,Savannah Bight,HN,2022-01-31 23:39:57,16.45,-85.85,75.25,65,43,15.75
418,Pokosnoye,RU,2022-01-31 23:39:59,55.5258,101.0536,-16.28,100,100,1.19
419,Mayumba,GA,2022-01-31 23:40:00,-3.432,10.6554,77.68,88,72,2.57
420,Homer,US,2022-01-31 23:40:00,59.6425,-151.5483,29.05,74,0,0.0
421,Abha,SA,2022-01-31 23:40:01,18.2164,42.5053,53.42,82,0,8.05
422,Ignatovka,RU,2022-01-31 23:40:28,53.9479,47.6536,30.54,93,100,15.82
423,Meadow Lake,US,2022-01-31 23:40:29,34.8014,-106.5436,57.97,29,19,1.83
424,Charleston,US,2022-01-31 23:39:00,32.7766,-79.9309,55.56,82,0,0.0
425,Puerto Penasco,MX,2022-01-31 23:40:30,31.3167,-113.5333,63.91,78,92,2.71
426,Batsfjord,NO,2022-01-31 23:40:31,70.6345,29.7185,14.22,85,95,7.05
427,Tiksi,RU,2022-01-31 23:39:46,71.6872,128.8694,-11.04,100,100,6.29
428,Turukhansk,RU,2022-01-31 23:40:32,65.8167,87.9833,9.18,94,100,11.5
429,Ahome,MX,2022-01-31 23:40:32,25.9167,-109.1833,73.35,40,65,11.23
430,Plettenberg Bay,ZA,2022-01-31 23:40:33,-34.0527,23.3716,73.83,76,98,1.88
431,Bathsheba,BB,2022-01-31 23:40:34,13.2167,-59.5167,79.41,78,40,11.5
432,Hazebrouck,FR,2022-01-31 23:40:35,50.7237,2.5373,42.51,79,58,8.01
433,Carutapera,BR,2022-01-31 23:40:18,-1.195,-46.02,77.2,90,99,5.93
434,Katsuura,JP,2022-01-31 23:40:37,35.1333,140.3,44.11,43,77,5.3
435,Rodrigues Alves,BR,2022-01-31 23:40:38,-7.738,-72.6509,76.82,80,97,2.66
436,Namwala,ZM,2022-01-31 23:40:39,-15.7504,26.4384,64.54,98,80,4.5
437,Bengkulu,ID,2022-01-31 23:40:40,-3.8004,102.2655,75.85,86,100,3.87
438,Brokopondo,SR,2022-01-31 23:40:41,4.75,-55.1667,76.75,82,100,9.44
439,Sault Sainte Marie,CA,2022-01-31 23:36:17,46.5168,-84.3333,23.9,70,20,6.91
440,Los Llanos De Aridane,ES,2022-01-31 23:40:14,28.6585,-17.9182,57.13,66,0,5.99
441,Geraldton,AU,2022-01-31 23:36:30,-28.7667,114.6,72.01,56,11,19.57
442,Umm Kaddadah,SD,2022-01-31 23:40:45,13.6017,26.6876,55.11,26,5,14.83
443,Tsiroanomandidy,MG,2022-01-31 23:40:46,-18.7667,46.0333,65.61,85,9,1.68
444,Koprivstica,RS,2022-01-31 23:40:48,43.2349,22.6205,29.62,98,100,4.52
445,Luderitz,NA,2022-01-31 23:40:49,-26.6481,15.1594,65.23,88,9,4.99
446,Panique,PH,2022-01-31 23:40:50,12.4797,122.0153,79.32,79,100,17.0
447,Te Anau,NZ,2022-01-31 23:39:44,-45.4167,167.7167,72.43,44,92,2.15
448,Jumla,NP,2022-01-31 23:40:51,29.2747,82.1838,30.49,65,17,3.49
449,Colchester,GB,2022-01-31 23:40:52,51.8892,0.9042,42.73,86,42,13.4
450,Lincoln,US,2022-01-31 23:38:37,40.8,-96.667,58.91,61,0,1.01
451,Kaniama,CD,2022-01-31 23:40:53,-7.5667,24.1833,62.82,97,100,0.6
452,Roald,NO,2022-01-31 23:38:16,62.5833,6.1333,32.14,80,20,12.66
453,Sevnica,SI,2022-01-31 23:40:54,46.0078,15.3156,34.48,89,98,3.91
454,Mwense,ZM,2022-01-31 23:41:56,-10.3845,28.698,62.55,98,42,1.5
455,Oranjestad,AW,2022-01-31 23:41:57,12.524,-70.027,78.75,78,20,12.66
456,Iguape,BR,2022-01-31 23:41:57,-24.7081,-47.5553,75.2,92,89,6.13
457,San Patricio,US,2022-01-31 23:41:58,28.017,-97.5169,70.21,97,97,11.1
458,Bang Saphan,TH,2022-01-31 23:41:59,11.2126,99.5117,73.35,94,48,1.99
459,Sechura,PE,2022-01-31 23:40:56,-5.5569,-80.8222,74.88,67,100,12.17
460,Pout,SN,2022-01-31 23:42:01,14.7739,-17.0603,72.36,60,96,18.41
461,Port Macquarie,AU,2022-01-31 23:42:02,-31.4333,152.9167,84.88,65,8,3.49
462,Agutaya,PH,2022-01-31 23:42:03,11.148,120.9417,80.33,82,100,24.29
463,Ullapool,GB,2022-01-31 23:42:03,57.8987,-5.1604,52.95,97,100,20.67
464,Takoradi,GH,2022-01-31 23:42:04,4.8845,-1.7554,77.77,81,65,4.21
465,Antofagasta,CL,2022-01-31 23:41:47,-23.65,-70.4,69.08,79,1,5.68
466,Deputatskiy,RU,2022-01-31 23:42:05,69.3,139.9,-26.23,100,63,3.65
467,Ashland,US,2022-01-31 23:39:56,40.8167,-82.2665,30.34,76,12,4.54
468,Marawi,PH,2022-01-31 23:40:49,7.9986,124.2928,69.98,90,100,1.21
469,Sao Miguel Do Araguaia,BR,2022-01-31 23:42:08,-13.275,-50.1628,70.99,94,100,1.81
470,Malakal,SS,2022-01-31 23:42:09,9.5334,31.6605,72.07,18,3,8.55
471,Shiyan,CN,2022-01-31 23:42:10,32.6475,110.7781,33.28,59,67,3.02
472,Waipawa,NZ,2022-01-31 23:42:11,-41.4122,175.5153,72.93,54,98,7.49
473,Inhambane,MZ,2022-01-31 23:42:11,-23.865,35.3833,75.67,83,33,7.23
474,Seredeyskiy,RU,2022-01-31 23:42:12,54.0507,35.2318,25.84,96,96,5.59
475,Berlevag,NO,2022-01-31 23:42:13,70.8578,29.0864,22.84,81,89,8.97
476,Skibotn,NO,2022-01-31 23:42:13,69.3913,20.2679,26.69,74,99,11.18
477,Mahebourg,MU,2022-01-31 23:42:15,-20.4081,57.7,80.26,78,75,14.97
478,Japura,ID,2022-01-31 23:42:16,-0.3167,102.35,73.78,95,98,1.12
479,Lat Yao,TH,2022-01-31 23:42:17,15.751,99.7893,77.52,54,54,1.86
480,Yangmei,CN,2022-01-31 23:42:17,24.1023,112.5618,39.85,94,99,4.63
481,Lodja,CD,2022-01-31 23:42:18,-3.4833,23.4333,69.37,98,100,3.42
482,Shamary,RU,2022-01-31 23:42:19,57.3434,58.2199,10.92,99,96,3.29
483,Alugan,PH,2022-01-31 23:42:20,12.2188,125.4808,79.47,83,67,10.36
484,Kyra,RU,2022-01-31 23:38:17,49.5776,111.9753,-12.23,94,63,4.16
485,Kaseda,JP,2022-01-31 23:42:21,31.4167,130.3167,40.23,59,50,6.89
486,Teya,RU,2022-01-31 23:42:22,60.3778,92.6267,-6.57,99,93,3.44
487,Telica,NI,2022-01-31 23:42:23,12.522,-86.8594,85.35,49,53,4.81
488,Hattiesburg,US,2022-01-31 23:40:29,31.3271,-89.2903,64.89,44,1,8.05
489,Lubao,PH,2022-01-31 23:42:24,14.9167,120.55,78.87,74,35,10.83
490,Trincomalee,LK,2022-01-31 23:42:25,8.5711,81.2335,79.59,65,24,8.25
491,Griffith,US,2022-01-31 23:39:16,41.5284,-87.4237,32.11,67,0,1.99
492,Tsabong,BW,2022-01-31 23:42:26,-26.0217,22.401,74.73,64,100,7.05
493,Edd,ER,2022-01-31 23:42:27,13.9297,41.6925,79.03,59,11,6.69
494,Altay,CN,2022-01-31 23:42:28,47.8667,88.1167,7.02,64,88,4.9
495,Mnogovershinnyy,RU,2022-01-31 23:42:29,53.9353,139.9242,-0.78,89,100,6.69
496,Rahuri,IN,2022-01-31 23:42:29,19.3833,74.65,61.05,30,0,4.52
497,Baoro,CF,2022-01-31 23:42:30,5.6667,15.9667,64.09,22,43,6.44
498,Polunochnoye,RU,2022-01-31 23:42:31,60.8697,60.4153,-11.02,100,82,1.16
499,Kununurra,AU,2022-01-31 23:42:32,-15.7667,128.7333,82.38,78,75,13.8
500,Ubinskoye,RU,2022-01-31 23:42:32,55.3068,79.6802,10.87,96,99,10.42
501,Muyezerskiy,RU,2022-01-31 23:43:33,63.9333,31.65,14.22,95,100,8.39
502,Avera,US,2022-01-31 23:43:34,33.194,-82.5271,53.11,51,97,5.14
503,Sambava,MG,2022-01-31 23:43:35,-14.2667,50.1667,76.14,88,100,7.99
504,Chute-Aux-Outardes,CA,2022-01-31 23:43:36,49.1168,-68.399,5.31,51,1,6.91
505,Genhe,CN,2022-01-31 23:43:37,50.7833,121.5167,-12.77,100,93,2.48
506,Aksu,CN,2022-01-31 23:43:39,41.1231,80.2644,24.85,45,19,3.74
507,Tual,ID,2022-01-31 23:43:40,-5.6667,132.75,83.95,74,100,20.2
508,Nhamunda,BR,2022-01-31 23:43:41,-2.1861,-56.7131,74.46,93,54,2.66
509,Juelsminde,DK,2022-01-31 23:43:42,55.7088,10.0167,36.05,79,100,18.14
510,Bambanglipuro,ID,2022-01-31 23:43:43,-7.95,110.2833,63.61,84,100,3.11
511,Itaituba,BR,2022-01-31 23:39:27,-4.2761,-55.9836,74.08,96,98,1.23
512,Vicksburg,US,2022-01-31 23:43:44,32.3526,-90.8779,65.88,34,1,6.91
513,Huimilpan,MX,2022-01-31 23:43:45,20.372,-100.2774,68.9,22,3,14.88
514,Krasnoye-Na-Volge,RU,2022-01-31 23:43:46,57.5125,41.2419,26.1,95,100,11.3
515,Bowling Green,US,2022-01-31 23:42:09,36.9903,-86.4436,48.13,49,0,4.61
516,Pingliang,CN,2022-01-31 23:43:47,35.5392,106.6861,9.18,88,57,4.54
517,Troitskoye,RU,2022-01-31 23:43:48,52.9821,84.6757,11.88,97,100,4.0
518,Silver City,US,2022-01-31 23:43:49,32.7701,-108.2803,54.91,30,0,14.0
519,Panama City,PA,2022-01-31 23:43:30,8.9936,-79.5197,82.35,62,20,12.66
520,Visnes,NO,2022-01-31 23:43:51,59.3556,5.2242,35.65,69,20,5.75
521,Saint George,US,2022-01-31 23:43:26,37.1041,-113.5841,63.07,17,0,1.01
522,Azanka,RU,2022-01-31 23:43:52,58.0401,64.7893,-4.23,100,63,3.02
523,Pacific Grove,US,2022-01-31 23:43:53,36.6177,-121.9166,60.28,84,40,4.0
524,Shelburne,CA,2022-01-31 23:43:54,44.0787,-80.2041,22.89,97,62,4.76
525,Sai Buri,TH,2022-01-31 23:43:54,6.7013,101.6168,74.59,88,13,5.88
526,Krotoszyn,PL,2022-01-31 23:43:55,51.6987,17.4374,34.56,93,65,5.86
527,Stege,DK,2022-01-31 23:43:56,54.987,12.2846,35.1,90,99,11.43
528,Aransas Pass,US,2022-01-31 23:43:57,27.9095,-97.15,68.02,95,40,1.01
529,Mandali,IQ,2022-01-31 23:43:58,33.7499,45.5541,50.81,69,100,9.89
530,Luchegorsk,RU,2022-01-31 23:43:59,46.4764,134.2569,-3.59,98,100,4.59
531,Dunedin,NZ,2022-01-31 23:43:59,-45.8742,170.5036,65.8,82,82,14.0
532,Halifax,CA,2022-01-31 23:43:13,44.6453,-63.5724,23.05,74,68,3.44
533,Igurubi,TZ,2022-01-31 23:44:01,-4.0,33.7,62.65,95,97,4.68
534,Ternate,ID,2022-01-31 23:40:22,0.8,127.4,80.64,77,100,5.35
535,Port Hardy,CA,2022-01-31 23:44:03,50.6996,-127.4199,46.76,87,75,3.44
536,Chifeng,CN,2022-01-31 23:41:00,42.2683,118.9636,6.12,67,0,5.39
537,Nara,JP,2022-01-31 23:43:28,34.6851,135.8049,43.88,69,4,4.34
538,Itoman,JP,2022-01-31 23:44:05,26.1247,127.6694,60.82,72,75,8.05
539,Marihatag,PH,2022-01-31 23:44:06,8.7936,126.2969,78.98,80,80,4.68
540,Santana Do Acarau,BR,2022-01-31 23:44:06,-3.4606,-40.2122,76.91,78,20,4.88
541,Poum,NC,2022-01-31 23:44:07,-20.2333,164.0167,81.16,73,89,11.61
542,Ahipara,NZ,2022-01-31 23:43:25,-35.1667,173.1667,71.6,79,99,15.5
543,Balabac,PH,2022-01-31 23:44:09,7.9868,117.0645,81.9,77,87,13.65
544,Bavleny,RU,2022-01-31 23:44:09,56.4,39.56,28.4,97,100,8.41
545,Coihaique,CL,2022-01-31 23:44:11,-45.5752,-72.0662,59.61,63,75,8.05
546,Mantua,IT,2022-01-31 23:44:12,45.1667,10.7833,47.48,72,5,5.99
547,Goundam,ML,2022-01-31 23:44:13,16.4145,-3.6708,70.79,16,30,9.64
548,Puerto Madero,MX,2022-01-31 23:45:13,14.7208,-92.4215,79.74,67,0,6.55
549,Pascagoula,US,2022-01-31 23:45:15,30.3658,-88.5561,62.6,39,0,6.91
550,Porto Nacional,BR,2022-01-31 23:45:15,-10.7081,-48.4172,80.6,92,99,1.7
551,Guerande,FR,2022-01-31 23:45:16,47.3291,-2.4283,47.62,85,59,11.74
552,Trapani,IT,2022-01-31 23:45:17,37.8333,12.6667,54.34,71,75,27.63
553,Sonthofen,DE,2022-01-31 23:45:17,47.5167,10.2833,33.8,95,100,1.01
554,Peleduy,RU,2022-01-31 23:45:18,59.6289,112.7406,-2.94,99,100,3.38
555,Anadyr,RU,2022-01-31 23:45:19,64.75,177.4833,18.1,45,0,8.95
556,Igarka,RU,2022-01-31 23:45:20,67.4667,86.5833,3.22,95,100,15.03
557,Mananjary,MG,2022-01-31 23:45:21,-21.2167,48.3333,74.93,85,73,5.35
558,Hirara,JP,2022-01-31 23:45:22,24.8,125.2833,64.67,63,75,9.22
559,Southbridge,US,2022-01-31 23:45:22,42.0751,-72.0334,21.52,70,63,1.79
560,Marrakesh,MA,2022-01-31 23:45:23,31.6315,-8.0083,59.07,47,11,5.75
561,Strezhevoy,RU,2022-01-31 23:45:24,60.7333,77.5889,6.78,95,100,7.45
562,Barth,DE,2022-01-31 23:45:25,54.3635,12.7249,39.09,68,98,10.27
563,Ondjiva,AO,2022-01-31 23:45:26,-17.0667,15.7333,70.83,34,95,7.09
564,Anandnagar,IN,2022-01-31 23:45:27,27.1,83.2833,50.2,83,0,3.76
565,Maniitsoq,GL,2022-01-31 23:45:28,65.4167,-52.9,7.32,87,99,10.76
566,Poya,NC,2022-01-31 23:45:28,-21.35,165.15,84.99,63,100,4.81
567,Laredo,US,2022-01-31 23:45:29,27.5064,-99.5075,79.09,27,0,12.66
568,Kalmunai,LK,2022-01-31 23:45:30,7.4167,81.8167,77.56,69,89,8.59
569,Nicoya,CR,2022-01-31 23:44:06,10.1483,-85.452,78.35,66,39,8.79
570,Katherine,AU,2022-01-31 23:45:32,-14.4667,132.2667,77.32,94,75,6.91
571,Randolph,US,2022-01-31 23:45:32,35.7001,-79.8164,45.0,58,0,1.01
572,Aban,RU,2022-01-31 23:45:33,56.67,96.06,-15.18,100,77,3.13
573,Hambantota,LK,2022-01-31 23:45:34,6.1241,81.1185,74.91,81,21,13.0
574,Kota Belud,MY,2022-01-31 23:45:35,6.351,116.4305,76.86,72,25,4.14
575,Synya,RU,2022-01-31 23:45:37,65.3718,58.0387,1.71,98,100,4.56
576,Adrar,MR,2022-01-31 23:45:39,20.5022,-10.0711,73.67,14,100,10.71
577,Tazovskiy,RU,2022-01-31 23:42:21,67.4667,78.7,3.88,97,100,5.28
578,Novospasskoye,RU,2022-01-31 23:45:41,53.1468,47.7514,31.55,95,100,14.83
579,Qandala,SO,2022-01-31 23:45:42,11.472,49.8728,75.47,82,30,8.19
580,Tres Arroyos,AR,2022-01-31 23:45:42,-38.3739,-60.2798,59.49,31,42,8.72
581,Formosa,AR,2022-01-31 23:41:05,-26.1775,-58.1781,91.38,31,5,3.44
582,Hami,CN,2022-01-31 23:43:17,42.8,93.45,19.8,40,1,2.1
583,Santona,ES,2022-01-31 23:45:45,43.4439,-3.4576,52.34,82,100,13.94
584,Guarapari,BR,2022-01-31 23:45:46,-20.6667,-40.4975,78.69,89,66,3.87
585,Saint Anthony,US,2022-01-31 23:45:47,45.0205,-93.218,29.14,74,75,5.99
