City_ID,City,Country,Date,Lat,Lng,Max Temp,Humidity,Cloudiness,Wind Speed,Description
0,Ugoofaaru,MV,2022-02-03 22:54:25,5.6667,73.0,80.13,76,14,5.5,few clouds
1,Ilulissat,GL,2022-02-03 22:52:34,69.2167,-51.1,17.78,70,100,9.91,overcast clouds
2,Butaritari,KI,2022-02-03 22:50:30,3.0707,172.7902,82.11,74,24,15.32,light rain
3,Hermanus,ZA,2022-02-03 22:54:25,-34.4187,19.2345,62.8,71,39,9.6,scattered clouds
4,Torbay,CA,2022-02-03 22:50:29,47.6666,-52.7314,35.58,84,100,28.77,overcast clouds
5,Kodiak,US,2022-02-03 22:49:30,57.79,-152.4072,40.51,93,100,8.05,light rain
6,Lasa,IT,2022-02-03 22:54:26,46.6166,10.7002,40.46,71,97,3.42,overcast clouds
7,Vaini,TO,2022-02-03 22:49:40,-21.2,-175.2,86.16,79,40,8.05,scattered clouds
8,Autazes,BR,2022-02-03 22:54:27,-3.5797,-59.1306,74.95,98,97,1.59,overcast clouds
9,Avarua,CK,2022-02-03 22:51:38,-21.2078,-159.775,84.25,74,40,18.41,scattered clouds
10,Kahului,US,2022-02-03 22:54:27,20.8947,-156.47,83.46,59,2,11.01,clear sky
11,Newport,GB,2022-02-03 22:54:27,51.5877,-2.9984,51.26,86,100,5.01,overcast clouds
12,Sitka,US,2022-02-03 22:50:32,57.0531,-135.33,39.09,93,100,3.44,mist
13,Mataura,NZ,2022-02-03 22:54:28,-46.1927,168.8643,52.48,99,100,2.37,light rain
14,Biak,ID,2022-02-03 22:54:28,-0.9131,122.8766,77.56,74,100,3.6,light rain
15,Non Thai,TH,2022-02-03 22:54:29,15.1981,102.0358,75.85,68,62,8.46,broken clouds
16,New Norfolk,AU,2022-02-03 22:54:29,-42.7826,147.0587,63.66,52,11,1.01,few clouds
17,Rawson,AR,2022-02-03 22:50:51,-43.3002,-65.1023,70.41,55,59,6.73,broken clouds
18,Bambous Virieux,MU,2022-02-03 22:50:29,-20.3428,57.7575,80.85,89,75,25.32,moderate rain
19,Archidona,ES,2022-02-03 22:54:30,37.0965,-4.3887,57.76,52,7,3.4,clear sky
20,Punta Arenas,CL,2022-02-03 22:51:45,-53.15,-70.9167,50.02,57,0,11.5,clear sky
21,Haines Junction,CA,2022-02-03 22:50:48,60.7522,-137.5108,-2.25,71,100,1.14,overcast clouds
22,Mount Gambier,AU,2022-02-03 22:54:00,-37.8333,140.7667,62.51,63,81,11.5,broken clouds
23,Kapaa,US,2022-02-03 22:54:30,22.0752,-159.319,78.48,59,2,1.99,clear sky
24,Port Elizabeth,ZA,2022-02-03 22:54:14,-33.918,25.5701,67.1,72,96,13.11,overcast clouds
25,Ust-Ilimsk,RU,2022-02-03 22:46:59,58.0006,102.6619,3.51,95,100,7.16,overcast clouds
26,Manggar,ID,2022-02-03 22:49:25,-2.8833,108.2667,77.38,86,76,3.76,broken clouds
27,Jamestown,US,2022-02-03 22:54:11,42.097,-79.2353,27.09,69,100,8.99,mist
28,Lalmohan,BD,2022-02-03 22:46:53,22.3384,90.7419,66.72,75,2,5.28,clear sky
29,Rikitea,PF,2022-02-03 22:54:10,-23.1203,-134.9692,77.72,75,100,16.71,light rain
30,Ulladulla,AU,2022-02-03 22:54:15,-35.35,150.4667,65.3,79,87,10.56,overcast clouds
31,Concepcion Del Uruguay,AR,2022-02-03 22:54:32,-32.4825,-58.2372,75.97,86,100,1.99,overcast clouds
32,Pokoynoye,RU,2022-02-03 22:54:32,44.8097,44.2517,35.15,91,98,2.08,overcast clouds
33,Beyneu,KZ,2022-02-03 22:54:32,45.3167,55.2,35.29,69,75,21.83,broken clouds
34,Chernyshevskiy,RU,2022-02-03 22:54:33,63.0128,112.4714,-16.69,100,92,0.98,overcast clouds
35,Ciudad Bolivar,VE,2022-02-03 22:54:33,8.1222,-63.5497,89.13,37,54,9.69,broken clouds
36,Kuryk,KZ,2022-02-03 22:54:33,43.2,51.65,46.62,57,95,20.11,overcast clouds
37,Bluff,NZ,2022-02-03 22:50:24,-46.6,168.3333,52.81,87,100,5.28,overcast clouds
38,Yulara,AU,2022-02-03 22:54:34,-25.2406,130.9889,64.24,55,51,9.22,broken clouds
39,Cape Town,ZA,2022-02-03 22:49:59,-33.9258,18.4232,64.27,65,75,4.0,broken clouds
40,Lebu,CL,2022-02-03 22:54:34,-37.6167,-73.65,61.54,88,93,12.17,overcast clouds
41,Tignere,CM,2022-02-03 22:54:35,7.3667,12.65,65.64,22,21,3.87,few clouds
42,Bontang,ID,2022-02-03 22:51:12,0.1333,117.5,76.59,85,100,5.14,overcast clouds
43,Yenisehir,TR,2022-02-03 22:54:35,40.2644,29.6531,37.45,81,75,8.05,light intensity shower rain
44,Monte Alegre,BR,2022-02-03 22:54:36,-2.0078,-54.0692,75.79,91,93,5.99,overcast clouds
45,Port Alfred,ZA,2022-02-03 22:54:36,-33.5906,26.891,70.32,79,83,18.16,broken clouds
46,Santa Rosalia,MX,2022-02-03 22:54:36,27.3167,-112.2833,58.42,41,0,14.67,clear sky
47,Tete,MZ,2022-02-03 22:55:37,-16.1564,33.5867,80.69,88,20,3.0,few clouds
48,Busselton,AU,2022-02-03 22:55:37,-33.65,115.3333,80.04,36,39,7.96,scattered clouds
49,Albany,US,2022-02-03 22:55:37,42.6001,-73.9662,40.75,93,100,4.0,snow
50,Ostrovnoy,RU,2022-02-03 22:55:38,68.0531,39.5131,13.62,92,100,5.1,overcast clouds
51,Namibe,AO,2022-02-03 22:55:38,-15.1961,12.1522,72.7,74,1,7.05,clear sky
52,Airai,TL,2022-02-03 22:51:36,-8.9266,125.4092,63.7,88,100,2.66,overcast clouds
53,Saint George,US,2022-02-03 22:53:01,37.1041,-113.5841,48.67,20,0,3.0,clear sky
54,Vanimo,PG,2022-02-03 22:49:33,-2.6741,141.3028,79.14,80,82,1.03,broken clouds
55,Lagoa,PT,2022-02-03 22:55:39,39.05,-27.9833,57.58,73,100,14.0,overcast clouds
56,Rorvik,NO,2022-02-03 22:55:39,64.8621,11.2373,26.71,93,100,25.32,snow
57,Adrar,MR,2022-02-03 22:51:43,20.5022,-10.0711,64.2,16,1,10.31,clear sky
58,Bandarbeyla,SO,2022-02-03 22:55:40,9.4942,50.8122,73.42,70,1,13.09,clear sky
59,Priargunsk,RU,2022-02-03 22:55:40,50.3691,119.1012,-27.67,98,10,2.71,clear sky
60,Pemangkat,ID,2022-02-03 22:55:40,1.1667,108.9667,75.7,91,100,6.4,overcast clouds
61,Prince Rupert,CA,2022-02-03 22:54:58,54.3161,-130.3201,44.69,87,100,18.41,moderate rain
62,Ushuaia,AR,2022-02-03 22:50:55,-54.8,-68.3,46.06,66,75,19.57,broken clouds
63,Lhokseumawe,ID,2022-02-03 22:55:41,5.1801,97.1507,75.15,89,47,5.3,scattered clouds
64,Ca Mau,VN,2022-02-03 22:51:51,9.1769,105.15,76.59,83,34,10.76,scattered clouds
65,Colinas,BR,2022-02-03 22:55:42,-6.0258,-44.2492,76.01,81,90,1.88,overcast clouds
66,Tiksi,RU,2022-02-03 22:52:03,71.6872,128.8694,-10.17,100,100,7.4,overcast clouds
67,Bredasdorp,ZA,2022-02-03 22:55:42,-34.5322,20.0403,62.28,82,20,3.44,few clouds
68,Naze,JP,2022-02-03 22:55:42,28.3667,129.4833,54.52,76,100,18.28,overcast clouds
69,Tombouctou,ML,2022-02-03 22:55:43,20.0,-3.0,65.77,11,0,8.66,clear sky
70,Brownwood,US,2022-02-03 22:55:43,31.7093,-98.9912,22.77,80,100,16.11,overcast clouds
71,Cap-Aux-Meules,CA,2022-02-03 22:55:43,47.3821,-61.8597,32.02,93,100,14.97,overcast clouds
72,Xifeng,CN,2022-02-03 22:55:44,42.7372,124.7222,3.34,77,5,6.82,clear sky
73,Itarema,BR,2022-02-03 22:55:44,-2.9248,-39.9167,80.46,80,92,13.62,overcast clouds
74,Itamaraca,BR,2022-02-03 22:55:44,-7.7478,-34.8256,84.25,78,69,12.88,broken clouds
75,Shihezi,CN,2022-02-03 22:55:45,44.3,86.0333,0.43,95,93,3.83,overcast clouds
76,Mercedes,AR,2022-02-03 22:55:45,-34.6515,-59.4307,75.78,87,74,6.53,broken clouds
77,Basco,PH,2022-02-03 22:56:07,20.4487,121.9702,75.47,73,70,17.49,broken clouds
78,Ahipara,NZ,2022-02-03 22:52:37,-35.1667,173.1667,75.99,74,79,14.88,broken clouds
79,Kavaratti,IN,2022-02-03 22:54:13,10.5669,72.642,78.89,67,7,8.1,clear sky
80,Vestmannaeyjar,IS,2022-02-03 22:56:08,63.4427,-20.2734,25.43,69,8,27.67,clear sky
81,Fortuna,US,2022-02-03 22:44:14,40.5982,-124.1573,59.18,71,0,8.99,clear sky
82,Pocosol,CR,2022-02-03 22:56:08,10.3667,-84.6167,85.1,70,51,6.26,broken clouds
83,Douentza,ML,2022-02-03 22:54:18,14.9951,-2.9517,69.69,13,5,5.03,clear sky
84,Castro,BR,2022-02-03 22:54:12,-24.7911,-50.0119,66.47,95,83,4.65,broken clouds
85,Chokurdakh,RU,2022-02-03 22:56:09,70.6333,147.9167,-28.19,100,70,1.63,broken clouds
86,Flin Flon,CA,2022-02-03 22:51:44,54.7682,-101.865,-9.56,54,20,4.61,few clouds
87,Solnechnyy,RU,2022-02-03 22:56:09,50.7214,136.6319,-11.33,98,69,2.44,broken clouds
88,Carutapera,BR,2022-02-03 22:56:10,-1.195,-46.02,75.94,91,97,6.93,overcast clouds
89,Along,IN,2022-02-03 22:56:10,28.1667,94.7667,46.36,93,86,2.28,overcast clouds
90,Najran,SA,2022-02-03 22:56:10,17.4924,44.1277,57.85,32,12,3.67,few clouds
91,Moron,AR,2022-02-03 22:56:11,-34.6534,-58.6198,76.69,83,74,5.77,broken clouds
92,Qaanaaq,GL,2022-02-03 22:54:17,77.484,-69.3632,-13.25,61,100,7.4,overcast clouds
93,Skibbereen,IE,2022-02-03 22:57:11,51.55,-9.2667,43.11,92,100,16.04,light rain
94,Imbituba,BR,2022-02-03 22:55:27,-28.24,-48.6703,80.49,87,27,17.22,scattered clouds
95,Hobart,AU,2022-02-03 22:54:12,-42.8794,147.3294,64.02,60,75,4.61,broken clouds
96,Nikolskoye,RU,2022-02-03 22:57:33,59.7035,30.7861,1.29,100,98,1.1,overcast clouds
97,Stromness,GB,2022-02-03 22:57:33,58.965,-3.296,37.36,64,69,36.78,heavy intensity rain
98,Leningradskiy,RU,2022-02-03 22:57:34,69.3833,178.4167,-10.52,81,2,8.88,clear sky
99,Hasaki,JP,2022-02-03 22:52:47,35.7333,140.8333,34.2,54,71,13.06,broken clouds
100,Visnes,NO,2022-02-03 22:57:34,59.3556,5.2242,47.57,87,100,26.46,light rain
101,Galesong,ID,2022-02-03 22:52:53,-5.3166,119.3661,71.62,82,100,5.14,overcast clouds
102,Hamilton,US,2022-02-03 22:57:35,39.1834,-84.5333,27.19,92,100,3.0,mist
103,Den Helder,NL,2022-02-03 22:57:35,52.9599,4.7593,46.38,93,100,14.0,overcast clouds
104,Chuy,UY,2022-02-03 22:54:09,-33.6971,-53.4616,74.55,91,90,12.03,moderate rain
105,Lakes Entrance,AU,2022-02-03 22:57:36,-37.8811,147.981,66.16,66,83,3.02,broken clouds
106,Saldanha,ZA,2022-02-03 22:57:36,-33.0117,17.9442,59.05,79,5,18.12,clear sky
107,Barrow,US,2022-02-03 22:54:14,71.2906,-156.7887,-25.58,83,40,3.44,mist
108,San Cristobal,VE,2022-02-03 22:57:36,7.7669,-72.225,78.98,51,78,1.19,broken clouds
109,Severo-Kurilsk,RU,2022-02-03 22:52:49,50.6789,156.125,30.94,83,100,9.53,overcast clouds
110,Grand Baie,MU,2022-02-03 22:57:37,-20.0182,57.5802,81.07,84,100,15.01,overcast clouds
111,Okha,RU,2022-02-03 22:57:37,53.5739,142.9478,2.88,91,100,22.7,light snow
112,The Pas,CA,2022-02-03 22:57:37,53.8251,-101.2541,-11.18,77,100,2.3,haze
113,Esperance,AU,2022-02-03 22:57:38,-33.8667,121.9,62.44,71,0,17.0,clear sky
114,Puerto Ayora,EC,2022-02-03 22:57:38,-0.7393,-90.3518,84.16,89,16,5.99,few clouds
115,Fernie,CA,2022-02-03 22:57:39,49.5,-115.0687,30.29,91,100,4.14,overcast clouds
116,Cayenne,GF,2022-02-03 22:56:40,4.9333,-52.3333,78.1,90,75,5.01,broken clouds
117,Mwense,ZM,2022-02-03 22:57:39,-10.3845,28.698,65.73,99,100,3.58,light rain
118,Havre-Saint-Pierre,CA,2022-02-03 22:57:39,50.2334,-63.5986,19.99,73,100,21.85,overcast clouds
119,Zhigansk,RU,2022-02-03 22:57:40,66.7697,123.3711,-31.58,99,99,1.74,overcast clouds
120,Poum,NC,2022-02-03 22:55:27,-20.2333,164.0167,82.26,84,97,15.75,overcast clouds
121,Berlevag,NO,2022-02-03 22:57:40,70.8578,29.0864,15.75,79,20,11.5,few clouds
122,Zhovkva,UA,2022-02-03 22:57:41,50.0583,23.9726,29.41,93,91,5.82,overcast clouds
123,Atuona,PF,2022-02-03 22:54:15,-9.8,-139.0333,78.75,74,9,15.21,clear sky
124,Lima,PE,2022-02-03 22:54:36,-12.0432,-77.0282,72.39,75,0,8.05,clear sky
125,Aktash,RU,2022-02-03 22:57:41,50.3,87.7333,-20.06,84,35,4.36,scattered clouds
126,Talara,PE,2022-02-03 22:57:42,-4.5772,-81.2719,73.27,78,70,18.77,broken clouds
127,Upernavik,GL,2022-02-03 22:57:42,72.7868,-56.1549,2.05,66,100,4.0,overcast clouds
128,Lompoc,US,2022-02-03 22:57:42,34.6391,-120.4579,67.78,48,75,4.0,broken clouds
129,Rundu,NA,2022-02-03 22:57:43,-17.9333,19.7667,68.04,87,100,1.61,overcast clouds
130,Mackay,AU,2022-02-03 22:57:43,-21.15,149.2,77.68,94,100,10.36,moderate rain
131,Mar Del Plata,AR,2022-02-03 22:57:38,-38.0023,-57.5575,73.42,90,40,7.0,scattered clouds
132,Cabo San Lucas,MX,2022-02-03 22:57:43,22.8909,-109.9124,74.95,49,75,1.01,broken clouds
133,Sola,VU,2022-02-03 22:53:06,-13.8833,167.55,81.27,89,100,0.0,overcast clouds
134,Wagar,SD,2022-02-03 22:57:44,16.1525,36.2032,76.33,40,62,11.16,broken clouds
135,La Ronge,CA,2022-02-03 22:57:44,55.1001,-105.2842,-9.15,49,0,5.75,clear sky
136,Lorengau,PG,2022-02-03 22:57:45,-2.0226,147.2712,80.55,80,100,4.16,overcast clouds
137,Aklavik,CA,2022-02-03 22:51:09,68.2191,-135.0107,-21.17,76,20,4.61,few clouds
138,Hurup,DK,2022-02-03 22:57:45,56.7494,8.4195,42.87,94,84,18.07,broken clouds
139,Jaisalmer,IN,2022-02-03 22:57:46,26.9147,70.9181,59.18,26,0,9.75,clear sky
140,Half Moon Bay,US,2022-02-03 22:53:58,37.4636,-122.4286,66.42,51,75,1.01,broken clouds
141,Chemal,RU,2022-02-03 22:58:46,51.4111,86.005,1.06,96,45,5.68,scattered clouds
142,Thohoyandou,ZA,2022-02-03 22:58:46,-22.9456,30.485,74.46,54,0,2.93,clear sky
143,Tura,IN,2022-02-03 22:58:47,25.5198,90.2201,60.24,57,74,3.13,broken clouds
144,Nanortalik,GL,2022-02-03 22:58:47,60.1432,-45.2371,28.45,68,100,11.97,light snow
145,Urubicha,BO,2022-02-03 22:58:48,-15.3833,-62.95,74.93,93,55,3.15,light rain
146,Kruisfontein,ZA,2022-02-03 22:51:38,-34.0033,24.7314,64.89,77,59,11.68,broken clouds
147,Yellowknife,CA,2022-02-03 22:56:02,62.456,-114.3525,-20.58,80,0,5.75,clear sky
148,Bandar-E Lengeh,IR,2022-02-03 22:58:48,26.5579,54.8807,67.75,56,0,6.38,clear sky
149,Muborak,UZ,2022-02-03 22:58:49,39.2553,65.1528,41.61,55,3,8.97,clear sky
150,Puri,IN,2022-02-03 22:58:49,19.8,85.85,70.32,69,10,16.17,clear sky
151,Bethel,US,2022-02-03 22:58:49,41.3712,-73.414,42.4,92,100,0.0,moderate rain
152,Constitucion,CL,2022-02-03 22:58:50,-35.3333,-72.4167,62.2,84,61,8.72,broken clouds
153,Saskylakh,RU,2022-02-03 22:58:50,71.9167,114.0833,-16.73,97,99,1.1,overcast clouds
154,Haikou,CN,2022-02-03 22:58:50,20.0458,110.3417,57.33,94,75,6.71,broken clouds
155,Armeria,MX,2022-02-03 22:58:51,18.9333,-103.9667,80.56,47,2,5.82,clear sky
156,Murzzuschlag,AT,2022-02-03 22:58:51,47.6,15.6833,34.25,94,89,3.83,overcast clouds
157,Conde,BR,2022-02-03 22:58:51,-7.2597,-34.9075,81.86,78,75,9.22,broken clouds
158,Santa Lucia,ES,2022-02-03 22:58:52,27.9117,-15.5407,61.92,40,0,2.3,clear sky
159,Cidreira,BR,2022-02-03 22:58:52,-30.1811,-50.2056,76.21,86,61,21.79,broken clouds
160,Kalaiya,NP,2022-02-03 22:58:53,27.0327,85.0022,58.15,79,92,8.03,overcast clouds
161,Benguela,AO,2022-02-03 22:58:53,-12.5763,13.4055,74.73,75,66,2.37,broken clouds
162,San Juan,AR,2022-02-03 22:58:53,-31.5375,-68.5364,88.36,26,20,5.14,few clouds
163,Mahebourg,MU,2022-02-03 22:58:54,-20.4081,57.7,80.89,89,75,25.32,broken clouds
164,Mingaora,PK,2022-02-03 22:58:54,34.7758,72.3625,36.63,42,0,6.69,clear sky
165,Hannibal,US,2022-02-03 22:58:54,39.7084,-91.3585,18.32,84,100,14.32,overcast clouds
166,Tasiilaq,GL,2022-02-03 22:58:55,65.6145,-37.6368,5.88,60,100,7.29,overcast clouds
167,Jacmel,HT,2022-02-03 22:58:55,18.2342,-72.5347,75.54,80,16,3.65,few clouds
168,Denia,ES,2022-02-03 22:58:55,38.8408,0.1057,65.8,66,77,5.91,broken clouds
169,Tuktoyaktuk,CA,2022-02-03 22:58:56,69.4541,-133.0374,-18.4,76,100,10.36,light snow
170,Vrangel,RU,2022-02-03 22:58:56,42.7297,133.0839,11.86,65,0,12.55,clear sky
171,Ghanzi,BW,2022-02-03 22:58:57,-21.5667,21.7833,70.47,79,30,8.01,light rain
172,Korla,CN,2022-02-03 22:58:57,41.7597,86.1469,24.8,50,100,6.04,overcast clouds
173,Egvekinot,RU,2022-02-03 22:54:44,66.3167,-179.1667,-8.21,77,2,20.58,clear sky
174,Saurimo,AO,2022-02-03 22:58:57,-9.6608,20.3916,63.57,99,100,3.4,overcast clouds
175,Bengkulu,ID,2022-02-03 22:54:17,-3.8004,102.2655,75.96,88,100,4.32,overcast clouds
176,Pochutla,MX,2022-02-03 22:58:58,15.7432,-96.4661,84.81,46,0,7.25,clear sky
177,Miranda De Ebro,ES,2022-02-03 22:58:58,42.6865,-2.947,44.98,85,100,2.82,overcast clouds
178,Moussoro,TD,2022-02-03 22:58:58,13.6408,16.4901,63.43,14,5,11.86,clear sky
179,Talaya,RU,2022-02-03 22:58:59,61.3833,152.75,-25.44,99,75,3.11,broken clouds
180,Kidal,ML,2022-02-03 22:58:59,18.4411,1.4078,62.78,13,33,13.35,scattered clouds
181,Aleksandrov Gay,RU,2022-02-03 22:59:00,50.147,48.5704,28.53,95,100,7.27,overcast clouds
182,Placido De Castro,BR,2022-02-03 22:59:00,-10.3353,-67.1856,75.31,96,45,2.55,scattered clouds
183,San Patricio,US,2022-02-03 22:59:00,28.017,-97.5169,37.49,77,100,20.07,light rain
184,Belmonte,BR,2022-02-03 22:57:56,-15.8631,-38.8828,81.1,81,21,7.29,few clouds
185,Saint-Pierre,RE,2022-02-03 22:59:01,-21.3393,55.4781,78.44,92,100,20.24,very heavy rain
186,Sari,IR,2022-02-03 23:00:01,36.5633,53.0601,53.17,49,100,3.56,overcast clouds
187,Hithadhoo,MV,2022-02-03 22:54:18,-0.6,73.0833,81.18,72,90,8.32,overcast clouds
188,Dapaong,TG,2022-02-03 23:00:02,10.8639,0.205,74.8,10,9,6.71,clear sky
189,Deputatskiy,RU,2022-02-03 23:00:03,69.3,139.9,-25.38,98,98,2.55,overcast clouds
190,Belaya Gora,RU,2022-02-03 23:00:04,68.5333,146.4167,-37.03,100,69,1.07,broken clouds
191,Chumikan,RU,2022-02-03 23:00:07,54.7183,135.315,-3.73,78,100,15.32,overcast clouds
192,Dingle,PH,2022-02-03 23:00:09,10.9995,122.6711,75.09,92,95,8.25,overcast clouds
193,Kroya,ID,2022-02-03 23:00:11,-7.6331,109.2461,75.2,84,99,4.25,overcast clouds
194,Kaka,TM,2022-02-03 23:00:11,37.3482,59.6143,47.28,35,85,7.34,overcast clouds
195,Ribeira Grande,PT,2022-02-03 23:00:33,38.5167,-28.7,58.68,74,100,18.12,overcast clouds
196,Liverpool,GB,2022-02-03 22:56:54,53.4106,-2.9779,51.76,83,75,8.99,moderate rain
197,Sorland,NO,2022-02-03 23:00:34,67.667,12.6934,27.3,67,100,36.64,overcast clouds
198,Victoria,HK,2022-02-03 22:57:01,22.2855,114.1577,54.32,78,91,1.01,overcast clouds
199,Muros,ES,2022-02-03 23:00:35,42.7762,-9.0603,53.98,93,100,5.35,overcast clouds
200,Ketchikan,US,2022-02-03 22:55:50,55.3422,-131.6461,44.58,99,100,8.32,moderate rain
201,Salinopolis,BR,2022-02-03 23:00:36,-0.6136,-47.3561,78.71,82,94,11.23,overcast clouds
202,Faanui,PF,2022-02-03 23:00:36,-16.4833,-151.75,80.96,72,60,15.75,light rain
203,Baghdad,IQ,2022-02-03 23:00:36,33.3406,44.4009,57.69,27,49,15.41,scattered clouds
204,Banamba,ML,2022-02-03 23:00:37,13.55,-7.45,68.76,14,6,8.3,clear sky
205,Bukachacha,RU,2022-02-03 23:00:37,52.9833,116.9167,-18.13,96,17,4.03,few clouds
206,Garowe,SO,2022-02-03 23:00:38,8.4054,48.4845,63.9,59,24,7.54,few clouds
207,Yerofey Pavlovich,RU,2022-02-03 23:00:38,53.9667,121.9667,-14.62,95,71,4.09,broken clouds
208,Kokopo,PG,2022-02-03 22:59:17,-4.352,152.2633,80.64,74,100,8.86,overcast clouds
209,Thompson,CA,2022-02-03 22:54:18,55.7435,-97.8558,-11.04,58,0,9.22,clear sky
210,Nago,JP,2022-02-03 23:00:39,26.5881,127.9761,62.67,87,100,15.88,overcast clouds
211,Nalut,LY,2022-02-03 23:00:39,30.3333,10.85,46.78,67,0,8.14,clear sky
212,Panama City,PA,2022-02-03 23:00:33,8.9936,-79.5197,87.93,58,81,3.0,broken clouds
213,Narsaq,GL,2022-02-03 23:00:40,60.9167,-46.05,26.82,96,100,4.21,light snow
214,Asau,RO,2022-02-03 23:00:41,46.4333,26.4,24.76,91,85,4.94,overcast clouds
215,Zabid,YE,2022-02-03 23:00:41,14.1951,43.3152,75.51,68,8,7.81,clear sky
216,Uyuni,BO,2022-02-03 23:00:41,-20.4597,-66.825,58.78,46,56,9.93,broken clouds
217,Isla Vista,US,2022-02-03 23:00:42,34.4133,-119.861,67.35,33,0,6.91,clear sky
218,Kupang,ID,2022-02-03 23:00:42,-10.1667,123.5833,79.05,87,99,9.89,overcast clouds
219,Ucluelet,CA,2022-02-03 23:00:43,48.9329,-125.5528,47.08,93,100,2.06,overcast clouds
220,Hilo,US,2022-02-03 22:53:29,19.7297,-155.09,77.25,81,34,5.01,scattered clouds
221,Valparaiso,CL,2022-02-03 22:57:46,-33.0393,-71.6273,71.83,59,0,10.36,clear sky
222,Sibanicu,CU,2022-02-03 23:00:43,21.235,-77.5264,76.66,69,74,15.75,broken clouds
223,Faya,SA,2022-02-03 23:00:44,18.3851,42.4509,56.23,72,45,4.36,scattered clouds
224,Benjamin Constant,BR,2022-02-03 23:00:44,-4.3831,-70.0311,75.16,95,90,2.15,overcast clouds
225,Accra,GH,2022-02-03 23:01:44,5.556,-0.1969,81.19,77,6,8.7,clear sky
226,Mehamn,NO,2022-02-03 23:01:45,71.0357,27.8492,15.71,78,100,13.18,overcast clouds
227,Karla,EE,2022-02-03 23:01:45,59.3723,24.9275,22.96,93,100,5.75,overcast clouds
228,Antofagasta,CL,2022-02-03 22:56:45,-23.65,-70.4,67.28,76,7,10.11,clear sky
229,Heihe,CN,2022-02-03 23:01:45,50.2441,127.4902,-5.22,83,13,9.95,few clouds
230,Thongwa,MM,2022-02-03 23:01:46,16.7619,96.5278,62.76,39,6,6.89,clear sky
231,Port Keats,AU,2022-02-03 23:01:46,-14.25,129.55,83.46,76,100,5.99,overcast clouds
232,Marawi,PH,2022-02-03 23:01:46,7.9986,124.2928,66.65,89,98,1.41,overcast clouds
233,Bosaso,SO,2022-02-03 23:01:47,11.2842,49.1816,71.89,76,1,1.81,clear sky
234,Souillac,MU,2022-02-03 23:01:47,-20.5167,57.5167,80.37,89,100,20.83,light rain
235,Khatanga,RU,2022-02-03 22:57:54,71.9667,102.5,-33.18,100,35,3.6,scattered clouds
236,Florianopolis,BR,2022-02-03 22:59:15,-27.6146,-48.5012,78.03,84,40,4.0,scattered clouds
237,Tuatapere,NZ,2022-02-03 23:02:09,-46.1333,167.6833,52.83,94,100,4.16,light rain
238,Alice Springs,AU,2022-02-03 23:02:09,-23.7,133.8833,63.95,63,78,8.05,broken clouds
239,Ust-Tsilma,RU,2022-02-03 23:02:10,65.441,52.1498,13.64,97,100,3.62,overcast clouds
240,San Quintin,MX,2022-02-03 23:02:10,30.4833,-115.95,60.69,48,2,9.17,clear sky
241,Grand Forks,US,2022-02-03 23:02:10,47.9417,-97.4337,-4.32,74,100,17.27,overcast clouds
242,Nuuk,GL,2022-02-03 23:02:11,64.1835,-51.7216,16.41,73,75,8.05,light shower snow
243,Aykhal,RU,2022-02-03 23:02:11,66.0,111.5,-21.08,100,100,2.15,overcast clouds
244,High Level,CA,2022-02-03 23:02:02,58.5169,-117.136,-10.34,93,81,2.44,broken clouds
245,Longyearbyen,SJ,2022-02-03 23:02:12,78.2186,15.6401,15.64,73,20,2.3,few clouds
246,Mazagao,BR,2022-02-03 23:02:12,-0.115,-51.2894,74.73,93,95,4.5,light rain
247,Norman Wells,CA,2022-02-03 23:02:12,65.282,-126.8329,-28.62,99,32,0.67,scattered clouds
248,Valley,US,2022-02-03 23:02:13,45.1277,-116.1262,20.75,72,95,3.38,overcast clouds
249,Brae,GB,2022-02-03 23:02:13,60.3964,-1.353,37.31,56,100,27.31,overcast clouds
250,East London,ZA,2022-02-03 23:02:13,-33.0153,27.9116,70.79,84,100,14.25,light rain
251,Sellye,SK,2022-02-03 23:02:14,48.1513,17.8806,42.08,77,100,8.14,overcast clouds
252,Yamada,JP,2022-02-03 23:02:14,39.4667,141.95,29.3,53,9,3.53,clear sky
253,Te Anau,NZ,2022-02-03 23:02:15,-45.4167,167.7167,47.17,97,100,3.98,light rain
254,Kansanshi,ZM,2022-02-03 23:02:15,-12.0951,26.4273,62.31,97,100,7.16,overcast clouds
255,Hunchun,CN,2022-02-03 23:02:15,42.8675,130.3581,7.47,69,2,9.48,clear sky
256,Kapit,MY,2022-02-03 23:02:16,2.0167,112.9333,72.63,100,99,0.65,overcast clouds
257,Finnsnes,NO,2022-02-03 23:02:16,69.2296,17.9811,16.41,94,57,8.77,broken clouds
258,Liberal,US,2022-02-03 23:02:16,37.0431,-100.921,15.15,79,75,10.36,broken clouds
259,Linxia,CN,2022-02-03 23:02:17,35.6003,103.2064,12.94,87,70,3.18,broken clouds
260,Arraial Do Cabo,BR,2022-02-03 23:02:17,-22.9661,-42.0278,75.33,91,100,12.48,overcast clouds
261,Eureka,US,2022-02-03 23:02:18,40.8021,-124.1637,56.12,73,91,7.0,overcast clouds
262,Darnah,LY,2022-02-03 23:02:18,32.767,22.6367,51.66,72,89,26.37,overcast clouds
263,Muzhi,RU,2022-02-03 23:02:19,65.3667,64.6667,-6.92,99,98,3.67,overcast clouds
264,Petropavlovsk-Kamchatskiy,RU,2022-02-03 23:02:19,53.0452,158.6483,19.99,63,75,6.71,broken clouds
265,Maragogi,BR,2022-02-03 23:02:19,-9.0122,-35.2225,79.75,70,91,10.36,overcast clouds
266,Domoni,KM,2022-02-03 23:02:20,-12.2569,44.5319,79.59,85,100,4.5,light rain
267,Kaeo,NZ,2022-02-03 23:01:44,-35.1,173.7833,75.33,85,79,11.23,broken clouds
268,Port Hardy,CA,2022-02-03 23:01:36,50.6996,-127.4199,43.75,93,100,13.71,light rain
269,College,US,2022-02-03 23:02:20,64.8569,-147.8028,1.47,74,85,5.7,overcast clouds
270,Isoka,ZM,2022-02-03 23:03:21,-10.1606,32.6335,63.3,97,91,4.43,light rain
271,Paragominas,BR,2022-02-03 23:03:21,-2.9667,-47.4833,73.26,97,100,3.69,heavy intensity rain
272,Chimbote,PE,2022-02-03 23:00:30,-9.0853,-78.5783,72.81,77,76,10.07,broken clouds
273,Maturin,VE,2022-02-03 23:03:22,9.75,-63.1767,79.25,64,19,11.07,few clouds
274,Morehead,US,2022-02-03 23:03:22,37.2711,-87.1764,32.99,99,100,5.99,snow
275,Mitsamiouli,KM,2022-02-03 22:54:09,-11.3847,43.2844,82.29,77,100,10.94,overcast clouds
276,Gat,IL,2022-02-03 23:03:23,31.61,34.7642,55.81,100,5,11.99,clear sky
277,Pisco,PE,2022-02-03 23:03:23,-13.7,-76.2167,71.65,73,0,21.85,clear sky
278,Hualmay,PE,2022-02-03 23:03:23,-11.0964,-77.6139,73.47,75,22,11.59,few clouds
279,Carnarvon,AU,2022-02-03 23:03:24,-24.8667,113.6333,80.91,58,24,6.78,few clouds
280,Luderitz,NA,2022-02-03 23:03:24,-26.6481,15.1594,68.54,67,2,14.92,clear sky
281,Ukiah,US,2022-02-03 23:03:24,39.1502,-123.2078,69.12,40,0,4.61,clear sky
282,Des Plaines,US,2022-02-03 23:03:25,42.0334,-87.8834,25.0,76,100,8.01,overcast clouds
283,Alofi,NU,2022-02-03 23:03:25,-19.0595,-169.9187,81.45,76,100,16.75,light rain
284,Baependi,BR,2022-02-03 23:03:25,-21.9589,-44.89,67.17,94,80,2.48,broken clouds
285,Tungor,RU,2022-02-03 23:03:26,53.3808,142.9564,1.92,93,100,23.13,light snow
286,Sao Joao Da Barra,BR,2022-02-03 23:00:28,-21.6403,-41.0511,74.48,94,100,8.3,overcast clouds
287,Rona De Jos,RO,2022-02-03 23:03:26,47.9167,24.0167,28.76,95,60,1.9,light snow
288,Buala,SB,2022-02-03 23:03:27,-8.145,159.5921,80.22,86,100,15.05,moderate rain
289,Mwene-Ditu,CD,2022-02-03 23:03:27,-7.0,23.45,64.11,98,100,2.28,overcast clouds
290,Gizo,SB,2022-02-03 23:03:27,-8.103,156.8419,79.39,84,100,14.83,light rain
291,Russkiy,RU,2022-02-03 23:03:28,43.0147,131.8642,4.86,80,12,8.39,few clouds
292,Rasskazovo,RU,2022-02-03 23:03:28,52.6714,41.9033,27.32,97,100,9.44,snow
293,Nassau,US,2022-02-03 23:01:33,40.7507,-73.5829,46.67,85,100,1.01,fog
294,Saint-Philippe,RE,2022-02-03 23:03:29,-21.3585,55.7679,78.35,95,100,37.96,heavy intensity rain
295,Orotukan,RU,2022-02-03 23:03:29,62.2667,151.7,-22.59,100,72,3.49,broken clouds
296,Grindavik,IS,2022-02-03 23:03:29,63.8424,-22.4338,25.27,68,75,19.57,broken clouds
297,Ulfborg,DK,2022-02-03 23:03:30,56.2673,8.3217,43.16,95,89,15.68,overcast clouds
298,Balkhash,KZ,2022-02-03 23:03:30,46.844,74.9804,5.99,84,5,10.58,clear sky
299,Yuanping,CN,2022-02-03 23:03:30,38.7153,112.7575,19.15,40,12,6.67,few clouds
300,Provideniya,RU,2022-02-03 22:50:24,64.3833,-173.3,4.46,60,95,22.79,overcast clouds
301,San Angelo,US,2022-02-03 23:03:31,31.4638,-100.437,25.02,69,75,4.0,broken clouds
302,Bucerias,MX,2022-02-03 23:03:31,20.75,-105.3333,76.98,65,75,10.36,broken clouds
303,Coquimbo,CL,2022-02-03 23:01:38,-29.9533,-71.3436,65.98,78,10,8.66,clear sky
304,Kozhva,RU,2022-02-03 23:03:32,65.1073,57.0459,15.67,96,100,5.1,overcast clouds
305,Muana,BR,2022-02-03 23:03:32,-1.5283,-49.2167,75.31,93,100,4.92,overcast clouds
306,Russell,US,2022-02-03 23:01:37,32.3502,-85.1999,69.91,86,100,10.56,overcast clouds
307,Sao Filipe,CV,2022-02-03 23:03:33,14.8961,-24.4956,74.21,72,0,7.61,clear sky
308,Karaton,ID,2022-02-03 23:03:33,-6.3424,106.1045,73.56,89,98,1.5,overcast clouds
309,Chifeng,CN,2022-02-03 23:03:33,42.2683,118.9636,1.38,66,1,7.99,clear sky
310,Hambantota,LK,2022-02-03 23:03:34,6.1241,81.1185,72.97,85,1,6.46,clear sky
311,Homer,US,2022-02-03 22:59:52,59.6425,-151.5483,31.87,84,100,11.86,light snow
312,Anito,PH,2022-02-03 23:03:34,12.4497,125.2886,77.74,91,99,12.59,overcast clouds
313,Tezu,IN,2022-02-03 23:02:20,27.9167,96.1667,53.51,59,73,3.47,broken clouds
314,Port-Cartier,CA,2022-02-03 23:03:35,50.0334,-66.8654,8.74,72,100,8.9,overcast clouds
315,Hammerfest,NO,2022-02-03 23:03:35,70.6634,23.6821,18.05,79,0,12.66,clear sky
316,Ayan,RU,2022-02-03 23:04:35,56.45,138.1667,-3.89,70,100,14.41,overcast clouds
317,Aksarka,RU,2022-02-03 23:04:36,66.5606,67.7975,-16.42,100,99,1.72,overcast clouds
318,Kaitangata,NZ,2022-02-03 23:04:22,-46.2817,169.8464,48.56,97,100,2.68,light rain
319,Komsomolskiy,UZ,2022-02-03 23:04:36,40.4272,71.7189,35.02,64,6,3.42,clear sky
320,Riyadh,SA,2022-02-03 23:03:07,24.6877,46.7219,62.74,36,0,9.75,clear sky
321,Koumac,NC,2022-02-03 23:04:37,-20.5667,164.2833,84.29,74,93,9.24,overcast clouds
322,Shingu,JP,2022-02-03 23:04:37,33.7333,135.9833,40.91,67,93,6.08,overcast clouds
323,Bakel,SN,2022-02-03 23:04:37,14.905,-12.4568,76.96,9,41,9.89,scattered clouds
324,Sechura,PE,2022-02-03 23:04:38,-5.5569,-80.8222,78.51,58,43,18.59,scattered clouds
325,Pevek,RU,2022-02-03 23:04:38,69.7008,170.3133,-17.63,94,11,2.1,few clouds
326,Long Xuyen,VN,2022-02-03 23:04:38,10.3833,105.4167,73.35,80,87,6.29,overcast clouds
327,Port Lincoln,AU,2022-02-03 23:04:39,-34.7333,135.8667,64.04,68,86,16.87,overcast clouds
328,Coronado,US,2022-02-03 22:59:41,32.6859,-117.1831,70.25,30,0,8.99,clear sky
329,Redlands,US,2022-02-03 23:01:33,34.0556,-117.1825,67.5,20,0,1.01,clear sky
330,Tiarei,PF,2022-02-03 23:04:39,-17.5333,-149.3333,87.82,73,6,17.25,clear sky
331,Aragarcas,BR,2022-02-03 23:02:33,-15.8975,-52.2508,75.69,90,52,2.24,broken clouds
332,Powell River,CA,2022-02-03 23:04:40,49.8496,-124.5361,43.05,98,100,3.44,overcast clouds
333,Baker City,US,2022-02-03 23:01:13,44.7749,-117.8344,34.65,80,75,0.0,broken clouds
334,Raudeberg,NO,2022-02-03 23:03:12,61.9875,5.1352,44.38,94,100,8.99,light rain
335,Bambanglipuro,ID,2022-02-03 23:04:41,-7.95,110.2833,60.6,89,88,4.21,overcast clouds
336,Fairbanks,US,2022-02-03 23:02:16,64.8378,-147.7164,1.49,72,87,5.79,overcast clouds
337,Northam,GB,2022-02-03 23:04:41,51.0333,-4.2167,51.03,92,100,20.29,overcast clouds
338,Ust-Maya,RU,2022-02-03 23:04:42,60.4167,134.5333,-22.59,100,100,2.3,overcast clouds
339,At-Bashi,KG,2022-02-03 23:04:42,41.1702,75.8106,-3.28,77,41,3.33,scattered clouds
340,Port Augusta,AU,2022-02-03 23:04:42,-32.5,137.7667,68.7,41,0,8.14,clear sky
341,Goya,AR,2022-02-03 23:01:09,-29.14,-59.2626,77.5,67,92,4.94,overcast clouds
342,Kijang,KR,2022-02-03 23:04:43,35.2442,129.2139,31.82,35,58,4.07,broken clouds
343,Bonavista,CA,2022-02-03 23:04:38,48.6499,-53.1147,37.11,81,100,29.15,overcast clouds
344,Sao Jose Da Coroa Grande,BR,2022-02-03 23:04:43,-8.8978,-35.1478,79.81,72,94,10.78,overcast clouds
345,Dikson,RU,2022-02-03 23:04:44,73.5069,80.5464,-14.26,98,99,5.7,overcast clouds
346,Vardo,NO,2022-02-03 23:04:44,70.3705,31.1107,21.4,63,100,12.77,light snow
347,Greenville,US,2022-02-03 23:00:05,35.6127,-77.3663,66.54,71,40,10.36,scattered clouds
348,Okato,NZ,2022-02-03 23:04:44,-39.2,173.8833,74.91,75,49,17.58,scattered clouds
349,Araria,IN,2022-02-03 23:04:45,26.15,87.5167,58.86,75,100,10.83,light rain
350,Sayat,TM,2022-02-03 23:04:45,38.7839,63.8803,44.58,53,1,10.22,clear sky
351,Muisne,EC,2022-02-03 23:04:46,0.6,-80.0333,76.44,88,78,9.48,light rain
352,Guerrero Negro,MX,2022-02-03 23:04:46,27.9769,-114.0611,64.22,24,0,18.61,clear sky
353,Ixtapa,MX,2022-02-03 23:02:04,20.7,-105.2,75.22,78,91,4.0,overcast clouds
354,Banikoara,BJ,2022-02-03 23:04:46,11.2985,2.4386,73.13,13,4,6.46,clear sky
355,Mecca,SA,2022-02-03 23:00:01,21.4267,39.8261,72.25,84,63,4.34,broken clouds
356,Cherskiy,RU,2022-02-03 23:04:47,68.75,161.3,-32.49,100,9,3.58,clear sky
357,Richards Bay,ZA,2022-02-03 23:04:47,-28.783,32.0377,78.55,92,71,12.03,light rain
358,Corowa,AU,2022-02-03 23:04:48,-36.0333,146.3833,70.0,40,0,8.34,clear sky
359,Rovaniemi,FI,2022-02-03 23:04:48,66.5,25.7167,2.61,78,100,3.44,overcast clouds
360,Bereda,ES,2022-02-03 23:04:48,43.2686,-7.5406,51.01,96,86,3.09,overcast clouds
361,Iqaluit,CA,2022-02-03 23:00:23,63.7506,-68.5145,-20.07,91,100,1.79,overcast clouds
362,Pemba,MZ,2022-02-03 23:04:49,-12.974,40.5178,77.94,85,62,7.09,light rain
363,Lohardaga,IN,2022-02-03 23:05:49,23.4333,84.6833,56.89,94,5,6.76,moderate rain
364,Marzuq,YE,2022-02-03 23:05:50,14.4,46.4667,59.97,30,0,1.95,clear sky
365,Griffith,US,2022-02-03 23:05:50,41.5284,-87.4237,24.98,71,100,5.01,overcast clouds
366,Ivanivka,UA,2022-02-03 23:05:50,46.7208,34.553,32.02,92,100,11.45,overcast clouds
367,Hovd,MN,2022-02-03 23:05:51,48.0056,91.6419,-9.83,82,24,3.85,few clouds
368,Togur,RU,2022-02-03 23:05:51,58.3631,82.8265,8.83,96,94,7.38,overcast clouds
369,Nara,JP,2022-02-03 23:05:51,34.6851,135.8049,38.25,62,82,4.52,broken clouds
370,Khash,IR,2022-02-03 23:05:52,28.2211,61.2158,45.95,26,0,1.05,clear sky
371,Geraldton,AU,2022-02-03 23:05:52,-28.7667,114.6,84.13,24,0,8.05,clear sky
372,Grenada,ES,2022-02-03 23:01:43,37.1882,-3.6067,53.91,65,0,0.0,clear sky
373,Kautokeino,NO,2022-02-03 23:05:52,69.0125,23.0412,1.31,99,98,3.29,overcast clouds
374,Ust-Nera,RU,2022-02-03 23:05:53,64.5667,143.2,-18.65,99,99,3.53,overcast clouds
375,Ust-Kuyga,RU,2022-02-03 23:05:53,70.0167,135.6,-28.79,100,100,4.56,overcast clouds
376,Baloda Bazar,IN,2022-02-03 23:05:54,21.6667,82.1667,61.54,71,4,3.18,clear sky
377,Takoradi,GH,2022-02-03 23:04:26,4.8845,-1.7554,79.9,83,4,7.83,clear sky
378,Sioux Lookout,CA,2022-02-03 23:06:15,50.1001,-91.917,-8.88,92,8,3.33,clear sky
379,Ancud,CL,2022-02-03 23:04:13,-41.8697,-73.8203,65.23,93,65,7.29,light rain
380,Katsuura,JP,2022-02-03 23:06:16,35.1333,140.3,43.2,62,99,9.8,overcast clouds
381,Codrington,AU,2022-02-03 23:06:16,-38.2667,141.9667,63.27,66,100,13.49,overcast clouds
382,Lao Cai,VN,2022-02-03 23:06:16,22.4833,103.95,53.83,91,93,1.21,overcast clouds
383,Verkhoyansk,RU,2022-02-03 23:06:17,67.5447,133.385,-35.64,100,99,0.94,overcast clouds
384,Urusha,RU,2022-02-03 23:03:06,54.05,122.9,-11.24,85,16,4.92,few clouds
385,Santa Cruz,BO,2022-02-03 23:05:41,-17.8,-63.1667,81.86,74,40,11.5,scattered clouds
386,Saint-Joseph,RE,2022-02-03 23:06:17,-21.3667,55.6167,77.36,93,100,31.32,very heavy rain
387,Puerto Colombia,CO,2022-02-03 23:06:18,10.9878,-74.9547,80.69,84,0,24.43,clear sky
388,Karwar,IN,2022-02-03 23:06:18,14.8,74.1333,69.75,85,23,3.2,few clouds
389,Santa Quiteria,BR,2022-02-03 23:06:19,-4.3319,-40.1567,81.39,59,100,5.73,overcast clouds
390,Mao,ES,2022-02-03 23:06:19,39.8885,4.2658,52.36,100,20,3.44,fog
391,Huarmey,PE,2022-02-03 23:06:19,-10.0681,-78.1522,74.34,75,35,11.25,scattered clouds
392,Semnan,IR,2022-02-03 23:06:20,35.5729,53.3971,41.27,49,100,1.77,overcast clouds
393,Zavodouspenskoye,RU,2022-02-03 23:06:20,56.8626,65.0155,26.82,91,100,12.44,overcast clouds
394,Tautira,PF,2022-02-03 23:06:20,-17.7333,-149.15,87.82,74,26,15.48,scattered clouds
395,Auki,SB,2022-02-03 23:06:21,-8.7676,160.7034,77.67,90,100,5.97,overcast clouds
396,Villa Union,MX,2022-02-03 23:06:21,23.2,-106.2333,78.76,29,75,0.0,broken clouds
397,Ankang,CN,2022-02-03 23:06:21,32.68,109.0172,31.66,69,83,3.44,broken clouds
398,Urengoy,RU,2022-02-03 23:06:22,65.9667,78.3667,-1.16,100,96,5.75,overcast clouds
399,Socorro,US,2022-02-03 23:06:22,31.6546,-106.3033,36.37,57,75,8.05,broken clouds
400,Maningrida,AU,2022-02-03 23:06:23,-12.0667,134.2667,81.0,78,92,10.25,overcast clouds
401,Gniezno,PL,2022-02-03 23:06:23,52.5348,17.5826,41.72,99,100,9.17,overcast clouds
402,Campoverde,PE,2022-02-03 23:06:23,-8.4753,-74.8058,78.49,68,94,3.36,light rain
403,Bridgton,US,2022-02-03 23:06:24,44.0548,-70.7128,40.15,94,100,3.36,moderate rain
404,Pangnirtung,CA,2022-02-03 23:06:24,66.1451,-65.7125,-11.29,99,100,5.97,overcast clouds
405,Kavieng,PG,2022-02-03 23:05:26,-2.5744,150.7967,81.54,76,96,7.29,light rain
406,Channelview,US,2022-02-03 23:06:25,29.7761,-95.1146,39.02,87,100,8.01,overcast clouds
407,Maumere,ID,2022-02-03 23:06:25,-8.6199,122.2111,79.36,83,94,5.79,overcast clouds
408,Talnakh,RU,2022-02-03 23:06:25,69.4865,88.3972,-12.46,98,98,7.25,overcast clouds
409,Husavik,IS,2022-02-03 23:07:26,66.0449,-17.3389,24.26,79,100,19.6,light snow
410,Quelimane,MZ,2022-02-03 23:07:26,-17.8786,36.8883,73.99,92,10,4.38,clear sky
411,Beringovskiy,RU,2022-02-03 23:07:27,63.05,179.3167,0.86,78,99,19.55,overcast clouds
412,Chippewa Falls,US,2022-02-03 23:02:52,44.9369,-91.3929,8.19,51,0,3.44,clear sky
413,Ponta Do Sol,PT,2022-02-03 23:07:27,32.6667,-17.1,68.0,77,46,3.85,scattered clouds
414,Laiyang,CN,2022-02-03 23:07:27,36.9758,120.7136,25.83,67,48,5.37,scattered clouds
415,Taylorville,US,2022-02-03 23:07:28,39.5489,-89.2945,20.93,86,100,0.0,overcast clouds
416,Parana,AR,2022-02-03 23:07:28,-31.732,-60.5238,80.56,66,65,3.09,broken clouds
417,Laguna,US,2022-02-03 23:06:38,38.421,-121.4238,63.64,48,0,1.01,clear sky
418,Sladkovo,RU,2022-02-03 23:07:29,55.5284,70.3385,20.48,82,100,16.15,overcast clouds
419,Novikovo,RU,2022-02-03 23:07:29,51.1537,37.8879,27.46,98,100,4.99,light snow
420,Petropavlovka,RU,2022-02-03 23:07:29,50.6114,105.3196,-6.38,94,88,2.86,overcast clouds
421,Kloulklubed,PW,2022-02-03 23:07:30,7.0419,134.2556,82.9,78,82,18.59,broken clouds
422,Khandyga,RU,2022-02-03 23:07:30,62.6667,135.6,-37.25,100,92,2.17,overcast clouds
423,Murdochville,CA,2022-02-03 23:07:30,48.9583,-65.5006,9.91,82,100,5.68,overcast clouds
424,Milevsko,CZ,2022-02-03 23:07:31,49.4509,14.36,39.11,99,100,4.41,overcast clouds
425,Koungou,YT,2022-02-03 23:07:31,-12.7336,45.2042,82.11,78,0,11.5,clear sky
426,Prescott,US,2022-02-03 23:07:31,34.54,-112.4685,44.69,17,0,4.0,clear sky
427,Neepawa,CA,2022-02-03 23:02:36,50.2289,-99.4664,-4.18,96,100,8.3,light snow
428,Sahuaripa,MX,2022-02-03 23:07:32,29.05,-109.2333,64.09,20,1,5.86,clear sky
429,Erzin,TR,2022-02-03 23:07:32,36.9559,36.2,45.32,80,100,6.51,light rain
430,Portland,US,2022-02-03 23:05:55,45.5234,-122.6762,54.01,82,75,1.01,broken clouds
431,Amuntai,ID,2022-02-03 23:07:33,-2.4177,115.2494,73.36,96,100,0.63,overcast clouds
432,Khor,RU,2022-02-03 23:07:33,47.8861,134.9464,-23.67,100,66,3.09,broken clouds
433,Obidos,BR,2022-02-03 23:07:34,-1.9175,-55.5181,79.09,78,86,1.88,overcast clouds
434,Sampit,ID,2022-02-03 23:07:34,-2.5333,112.95,73.11,97,99,1.32,overcast clouds
435,Isangel,VU,2022-02-03 23:07:34,-19.55,169.2667,86.11,79,75,4.61,broken clouds
436,Macau,MO,2022-02-03 23:04:45,22.2006,113.5461,54.07,87,40,21.85,scattered clouds
437,Xining,CN,2022-02-03 23:07:35,36.6167,101.7667,12.2,57,23,2.1,few clouds
438,Kambove,CD,2022-02-03 23:07:35,-10.8764,26.5969,61.84,98,100,6.35,light rain
439,Vila Velha,BR,2022-02-03 23:07:36,-20.3297,-40.2925,76.95,93,75,2.3,broken clouds
440,Caravelas,BR,2022-02-03 23:07:36,-17.7125,-39.2481,77.49,83,84,6.33,broken clouds
441,Alihe,CN,2022-02-03 23:07:36,50.5667,123.7167,-10.89,90,19,4.18,few clouds
442,Sembe,CG,2022-02-03 23:07:37,1.6481,14.5806,73.35,63,76,2.15,broken clouds
443,Psebay,RU,2022-02-03 23:07:37,44.1234,40.8107,34.11,77,99,6.29,overcast clouds
444,Maloh,PH,2022-02-03 23:07:37,9.056,122.9851,79.65,77,98,14.27,overcast clouds
445,Kholm,RU,2022-02-03 23:07:38,59.2667,32.85,-2.4,100,96,1.5,overcast clouds
446,Vengerovo,RU,2022-02-03 23:07:38,55.6848,76.7471,10.26,90,89,10.18,overcast clouds
447,Glowno,PL,2022-02-03 23:07:38,51.9646,19.7157,37.99,81,100,10.63,light rain
448,Tallahassee,US,2022-02-03 23:06:31,30.4383,-84.2807,72.86,79,100,4.0,overcast clouds
449,Gazli,UZ,2022-02-03 23:07:39,40.1333,63.45,40.06,57,5,11.56,clear sky
450,Viedma,AR,2022-02-03 23:07:39,-40.8135,-62.9967,77.99,34,2,10.85,clear sky
451,Narasannapeta,IN,2022-02-03 23:07:40,18.4167,84.05,71.17,80,44,4.5,scattered clouds
452,Bozoum,CF,2022-02-03 23:07:40,6.3193,16.3799,70.34,20,55,4.92,broken clouds
453,Wernberg,AT,2022-02-03 23:07:40,46.6233,13.9607,39.94,91,100,4.32,overcast clouds
454,Kearns,US,2022-02-03 23:08:41,40.66,-111.9963,33.93,53,0,5.99,clear sky
455,Moba,CN,2022-02-03 23:08:41,33.2288,105.0179,23.13,79,70,4.7,broken clouds
456,Wanaka,NZ,2022-02-03 23:08:41,-44.7,169.15,51.12,94,100,1.01,moderate rain
457,Sinnar,SD,2022-02-03 23:08:42,13.5691,33.5672,79.05,15,100,14.92,overcast clouds
458,Bichena,ET,2022-02-03 23:08:42,10.45,38.2,55.9,45,75,1.7,broken clouds
459,Bardiyah,LY,2022-02-03 23:08:42,31.7561,25.0865,54.18,69,75,30.02,broken clouds
460,Okhotsk,RU,2022-02-03 23:08:43,59.3833,143.3,2.71,74,76,17.94,broken clouds
461,Ambon,ID,2022-02-03 23:08:43,-3.6954,128.1814,81.0,74,98,4.0,overcast clouds
462,Leshukonskoye,RU,2022-02-03 23:08:44,64.8989,45.7622,-3.6,100,96,2.53,overcast clouds
463,Stavern,NO,2022-02-03 23:08:44,59.0,10.0333,32.45,96,100,0.22,overcast clouds
464,Cascavel,BR,2022-02-03 23:08:44,-24.9558,-53.4553,68.09,99,96,8.23,moderate rain
465,Gorom-Gorom,BF,2022-02-03 23:08:45,14.4439,-0.2361,69.96,12,3,10.78,clear sky
466,Male,MV,2022-02-03 23:08:45,4.1748,73.5089,80.85,65,9,4.12,clear sky
467,Barlinek,PL,2022-02-03 23:08:45,52.9946,15.2186,45.36,97,100,8.41,overcast clouds
468,Kudahuvadhoo,MV,2022-02-03 23:08:46,2.6708,72.8944,80.8,74,87,6.96,overcast clouds
469,Flagstaff,US,2022-02-03 23:08:46,35.1981,-111.6513,37.31,26,0,3.0,clear sky
470,Svetlaya,RU,2022-02-03 23:08:46,46.5389,138.3297,4.21,74,1,8.28,clear sky
471,Providencia,MX,2022-02-03 23:08:47,28.7167,-111.5833,69.85,15,0,14.45,clear sky
472,Srednekolymsk,RU,2022-02-03 23:08:47,67.45,153.6833,-38.25,100,43,0.92,scattered clouds
473,Liwale,TZ,2022-02-03 23:08:48,-9.7667,37.9333,70.05,99,89,2.46,light rain
474,Upata,VE,2022-02-03 23:08:48,8.0086,-62.3989,80.19,66,79,6.49,broken clouds
475,Adre,TD,2022-02-03 23:08:48,13.4667,22.2,66.88,11,4,13.96,clear sky
476,Jieshi,CN,2022-02-03 23:08:49,22.8134,115.8257,51.94,78,95,9.46,overcast clouds
477,Marsabit,KE,2022-02-03 23:08:49,2.3284,37.9899,72.77,37,99,11.1,overcast clouds
478,Jilin,CN,2022-02-03 23:07:16,43.0,126.0,-9.27,100,50,2.48,scattered clouds
479,Chermoz,RU,2022-02-03 23:08:49,58.787,56.1489,2.89,100,100,2.82,overcast clouds
480,Jalu,LY,2022-02-03 23:08:50,29.0331,21.5482,53.6,55,51,15.12,broken clouds
481,Kandiari,PK,2022-02-03 23:08:50,26.9156,68.5216,59.92,24,0,5.77,clear sky
482,Makaryev,RU,2022-02-03 23:08:50,57.8797,43.8069,-0.8,100,100,1.52,overcast clouds
483,Creston,US,2022-02-03 23:08:51,41.0586,-94.3614,16.45,44,0,9.22,clear sky
484,Galashki,RU,2022-02-03 23:08:51,43.1136,44.9894,29.35,48,100,2.53,overcast clouds
485,Taikang,CN,2022-02-03 23:08:51,46.8333,124.4167,-9.33,90,29,7.2,scattered clouds
486,Gourcy,BF,2022-02-03 23:09:13,13.2167,-2.35,69.33,12,2,10.25,clear sky
487,Lata,PT,2022-02-03 23:07:46,40.1629,-8.3327,49.91,94,100,0.36,overcast clouds
488,Honiara,SB,2022-02-03 23:09:13,-9.4333,159.95,79.14,92,100,8.1,overcast clouds
489,Port Macquarie,AU,2022-02-03 23:07:22,-31.4333,152.9167,67.89,100,40,10.36,scattered clouds
490,Burgersdorp,ZA,2022-02-03 23:09:14,-30.9977,26.3286,66.54,58,87,5.17,overcast clouds
491,Taywarah,AF,2022-02-03 23:09:14,33.35,64.4167,10.2,31,1,5.32,clear sky
492,Panjakent,TJ,2022-02-03 23:09:15,39.4952,67.6093,31.8,37,0,5.91,clear sky
493,Saryagash,KZ,2022-02-03 23:09:15,41.4511,69.1701,37.36,34,0,7.47,clear sky
494,Presidente Dutra,BR,2022-02-03 23:09:16,-5.29,-44.49,76.42,84,98,1.81,overcast clouds
495,Koroni,GR,2022-02-03 23:09:16,36.8,21.95,46.08,55,34,7.85,scattered clouds
496,Pudozh,RU,2022-02-03 23:09:16,61.8099,36.5345,-5.49,100,100,1.5,overcast clouds
497,Cockburn Town,TC,2022-02-03 23:09:17,21.4612,-71.1419,75.38,74,62,23.76,broken clouds
498,Chirongui,YT,2022-02-03 23:09:17,-12.9319,45.1483,82.33,77,99,10.8,overcast clouds
499,Sept-Iles,CA,2022-02-03 23:09:17,50.2001,-66.3821,9.05,56,100,13.0,overcast clouds
500,Dhidhdhoo,MV,2022-02-03 23:09:18,6.8833,73.1,80.06,74,11,9.86,few clouds
501,Esmeraldas,BR,2022-02-03 23:10:18,-19.7625,-44.3139,72.46,89,54,1.57,broken clouds
502,Morant Bay,JM,2022-02-03 23:10:19,17.8815,-76.4093,78.66,81,6,11.23,clear sky
503,Jiuquan,CN,2022-02-03 23:10:19,39.7432,98.5174,14.63,39,34,3.53,scattered clouds
504,Paita,PE,2022-02-03 23:10:19,-5.0892,-81.1144,73.92,75,50,19.73,scattered clouds
505,Shiraoi,JP,2022-02-03 23:10:20,42.55,141.35,21.2,75,30,12.1,scattered clouds
506,Hohhot,CN,2022-02-03 23:10:20,40.8106,111.6522,5.29,67,6,2.44,clear sky
507,Manzanillo,CU,2022-02-03 23:07:17,20.3433,-77.1167,80.15,62,83,7.31,broken clouds
508,Severnyy,RU,2022-02-03 23:10:20,50.677,36.5532,28.44,93,100,4.47,mist
509,Flinders,AU,2022-02-03 23:10:21,-34.5833,150.8552,68.18,84,83,10.0,broken clouds
510,Kudirkos Naumiestis,LT,2022-02-03 23:10:21,54.7731,22.8631,28.36,95,100,6.55,overcast clouds
511,Agadez,NE,2022-02-03 23:10:22,19.75,10.25,53.15,25,0,10.87,clear sky
512,Leh,IN,2022-02-03 23:06:09,34.1667,77.5833,5.0,95,100,2.66,overcast clouds
513,Salalah,OM,2022-02-03 23:10:22,17.0151,54.0924,69.89,78,0,2.3,clear sky
514,Halifax,CA,2022-02-03 23:08:37,44.6453,-63.5724,43.0,98,100,4.0,overcast clouds
515,Pacific Grove,US,2022-02-03 23:06:29,36.6177,-121.9166,67.57,65,0,5.01,clear sky
516,Oranjemund,NA,2022-02-03 23:10:23,-28.55,16.4333,64.29,87,10,17.69,clear sky
517,Henties Bay,NA,2022-02-03 23:10:23,-22.116,14.2845,67.86,86,1,7.63,clear sky
518,Bealanana,MG,2022-02-03 23:10:24,-14.55,48.7333,63.34,96,100,3.65,overcast clouds
519,Port Hawkesbury,CA,2022-02-03 23:10:24,45.6169,-61.3485,43.79,97,100,3.0,overcast clouds
520,Westport,US,2022-02-03 23:10:25,41.1415,-73.3579,46.54,98,100,4.0,moderate rain
521,Pandan,PH,2022-02-03 23:10:25,14.0453,124.1694,77.04,89,97,12.41,overcast clouds
522,Camacha,PT,2022-02-03 23:10:26,33.0833,-16.3333,64.53,88,20,8.05,few clouds
523,Masindi,UG,2022-02-03 23:10:26,1.6744,31.715,71.47,45,100,3.44,overcast clouds
524,Panaba,MX,2022-02-03 23:10:26,21.2833,-88.2667,85.42,49,0,14.2,clear sky
525,Nueva Concepcion,GT,2022-02-03 23:10:27,14.2,-91.3,87.75,50,18,8.93,few clouds
526,Jumla,NP,2022-02-03 23:05:32,29.2747,82.1838,34.34,97,100,5.7,snow
527,Monrovia,LR,2022-02-03 23:10:27,6.3005,-10.7969,76.77,84,26,6.78,scattered clouds
528,Odienne,CI,2022-02-03 23:10:27,9.51,-7.5692,73.31,13,3,1.99,clear sky
529,Shubarshi,KZ,2022-02-03 23:10:28,48.5872,57.1869,20.32,83,100,13.22,overcast clouds
530,Hay River,CA,2022-02-03 23:08:06,60.8156,-115.7999,-18.31,96,61,2.84,broken clouds
531,Kuusamo,FI,2022-02-03 23:10:28,65.9667,29.1833,-9.36,77,20,1.14,few clouds
532,Waipawa,NZ,2022-02-03 23:10:08,-41.4122,175.5153,74.03,52,67,7.56,broken clouds
533,Kimbe,PG,2022-02-03 23:10:29,-5.5502,150.1429,77.9,88,100,4.41,overcast clouds
534,Sur,OM,2022-02-03 23:10:29,22.5667,59.5289,68.45,49,0,6.89,clear sky
535,Joshimath,IN,2022-02-03 23:10:29,30.5667,79.5667,37.18,97,100,2.37,overcast clouds
536,Labuan,MY,2022-02-03 23:10:30,5.2767,115.2417,78.96,79,91,7.56,overcast clouds
537,Mogadouro,PT,2022-02-03 23:10:30,41.3403,-6.7119,40.78,72,99,3.18,overcast clouds
538,Rio Grande,BR,2022-02-03 23:10:31,-32.035,-52.0986,76.89,86,21,8.3,light rain
539,Miri,MY,2022-02-03 23:10:31,4.4148,114.0089,75.94,91,98,5.3,overcast clouds
540,Sungaipenuh,ID,2022-02-03 23:10:31,-2.0833,101.3833,63.37,95,97,3.47,overcast clouds
541,Valleyview,CA,2022-02-03 23:10:32,55.0667,-117.2859,1.44,93,100,3.96,light snow
542,Tazovskiy,RU,2022-02-03 23:10:32,67.4667,78.7,1.62,97,100,7.54,overcast clouds
543,Seymchan,RU,2022-02-03 23:10:32,62.8833,152.4333,-23.93,94,68,4.12,broken clouds
544,Bangassou,CF,2022-02-03 23:10:33,4.7413,22.8184,73.49,34,86,1.1,overcast clouds
545,Arman,RU,2022-02-03 23:10:33,59.7,150.1667,4.05,74,34,10.85,scattered clouds
546,Limenaria,GR,2022-02-03 23:10:33,40.6261,24.5786,43.95,61,1,7.38,clear sky
547,Merauke,ID,2022-02-03 23:11:34,-8.4667,140.3333,81.86,78,93,12.06,overcast clouds
548,Vangaindrano,MG,2022-02-03 23:11:34,-23.35,47.6,74.93,92,93,6.44,light rain
549,Yerbogachen,RU,2022-02-03 23:11:34,61.2767,108.0108,0.73,99,97,3.09,overcast clouds
550,Celestun,MX,2022-02-03 23:11:35,20.8667,-90.4,83.57,63,0,8.5,clear sky
551,Pasni,PK,2022-02-03 23:11:35,25.2631,63.471,67.71,29,0,14.67,clear sky
552,Kasongo-Lunda,CD,2022-02-03 23:11:35,-6.4667,16.8167,69.46,97,100,0.43,light rain
553,Fredonia,US,2022-02-03 23:08:20,42.4401,-79.3317,25.05,91,100,20.71,snow
554,Haifa,IL,2022-02-03 23:11:36,32.8156,34.9892,53.65,72,14,17.54,few clouds
555,Vanavara,RU,2022-02-03 23:11:36,60.34,102.2797,11.55,94,100,8.99,light snow
556,Zhanakorgan,KZ,2022-02-03 23:11:37,43.9098,67.2495,26.49,75,1,6.24,clear sky
557,Gornyy,RU,2022-02-03 23:11:37,55.1153,83.9059,-0.31,100,97,5.91,overcast clouds
558,Kropotkin,RU,2022-02-03 23:11:37,45.4375,40.5756,38.37,79,100,4.76,light rain
559,Matagami,CA,2022-02-03 23:11:38,49.7502,-77.6328,-16.2,96,100,1.88,overcast clouds
560,Ibotirama,BR,2022-02-03 23:11:38,-12.1853,-43.2206,81.61,51,61,1.83,broken clouds
561,Balkanabat,TM,2022-02-03 23:09:10,39.5108,54.3671,51.28,31,100,1.83,overcast clouds
562,Georgetown,MY,2022-02-03 23:08:58,5.4112,100.3354,79.9,83,20,4.61,few clouds
563,Fort Frances,CA,2022-02-03 23:11:39,48.5999,-93.4003,-3.78,63,0,4.61,clear sky
564,Kishtwar,IN,2022-02-03 23:11:39,33.3167,75.7667,35.4,97,100,1.21,light rain
565,Nang Rong,TH,2022-02-03 23:11:40,14.6377,102.7914,70.72,67,76,9.31,light rain
566,Tromso,NO,2022-02-03 23:11:40,69.6496,18.957,16.45,62,0,4.61,clear sky
567,Dom Pedrito,BR,2022-02-03 23:11:40,-30.9828,-54.6731,75.78,73,99,14.27,light rain
568,Borgosesia,IT,2022-02-03 23:11:41,45.7145,8.2799,44.44,74,81,2.15,broken clouds
569,Necochea,AR,2022-02-03 23:11:41,-38.5473,-58.7368,71.04,82,100,7.96,overcast clouds
570,Milkovo,RU,2022-02-03 23:11:41,54.7167,158.6167,17.6,92,100,9.13,light snow
571,Ende,ID,2022-02-03 23:11:42,-8.8432,121.6623,79.07,82,89,4.16,overcast clouds
572,Iquitos,PE,2022-02-03 23:11:24,-3.7481,-73.2472,77.04,94,75,2.3,broken clouds
573,Kuandian,CN,2022-02-03 23:11:42,40.7286,124.7847,3.52,88,3,3.2,clear sky
574,Jackson,US,2022-02-03 23:11:43,42.4165,-122.8345,55.15,52,0,0.0,clear sky
575,Saint-Augustin,CA,2022-02-03 23:06:47,51.226,-58.6502,20.12,78,100,19.37,overcast clouds
576,Turukhansk,RU,2022-02-03 23:11:43,65.8167,87.9833,4.75,95,100,11.92,light snow
577,Kontagora,NG,2022-02-03 23:11:44,10.3999,5.4695,75.15,15,41,7.0,scattered clouds
578,Nome,US,2022-02-03 23:09:26,64.5011,-165.4064,5.11,62,0,33.38,clear sky
579,Grand-Lahou,CI,2022-02-03 23:12:05,5.1367,-5.0242,78.76,87,0,6.98,clear sky
580,Velyka Bahachka,UA,2022-02-03 23:12:06,49.7912,33.7226,23.02,93,99,13.78,overcast clouds
581,Howard Springs,AU,2022-02-03 23:12:06,-12.497,131.047,81.88,97,99,5.21,overcast clouds
582,Shelburne,CA,2022-02-03 23:12:06,44.0787,-80.2041,12.18,84,100,13.51,overcast clouds
583,Banda Aceh,ID,2022-02-03 23:12:07,5.5577,95.3222,78.1,79,61,7.18,broken clouds
584,Moundou,TD,2022-02-03 23:12:07,8.5667,16.0833,73.92,15,78,6.2,broken clouds
585,Traralgon,AU,2022-02-03 23:12:07,-38.1833,146.5333,64.85,78,66,5.12,broken clouds
586,Quesnel,CA,2022-02-03 23:12:08,52.9999,-122.5029,27.1,93,100,10.36,overcast clouds
587,Raton,US,2022-02-03 23:12:05,36.9034,-104.4391,19.58,63,0,5.75,clear sky
588,Chengde,CN,2022-02-03 23:12:08,40.9725,117.9361,8.46,51,0,7.67,clear sky
589,Mormugao,IN,2022-02-03 23:12:09,15.4,73.8,70.86,88,20,3.44,few clouds
590,Marhaura,IN,2022-02-03 23:12:09,25.9667,84.8667,55.33,74,42,20.69,scattered clouds
591,Vetluzhskiy,RU,2022-02-03 23:12:10,58.3902,45.4654,0.86,100,100,1.61,overcast clouds
592,Tanete,ID,2022-02-03 23:13:10,-3.9443,119.7848,76.98,88,99,2.86,overcast clouds
593,Ialibu,PG,2022-02-03 23:13:10,-6.2821,143.9935,63.82,77,91,2.37,overcast clouds
594,Kutum,SD,2022-02-03 23:13:11,14.2,24.6667,60.44,13,41,14.85,scattered clouds
595,Nata,PA,2022-02-03 23:13:11,8.3333,-80.5167,81.46,56,13,13.91,few clouds
596,Yangjiang,CN,2022-02-03 23:13:12,21.85,111.9667,53.94,83,100,7.49,overcast clouds
597,Anadyr,RU,2022-02-03 23:12:55,64.75,177.4833,14.5,57,70,35.79,broken clouds
598,Bayan,CN,2022-02-03 23:13:12,46.0833,127.4,-15.9,100,91,3.96,overcast clouds
599,Vostok,RU,2022-02-03 23:13:13,46.4856,135.8833,-11.6,99,100,3.62,overcast clouds
600,Balassagyarmat,HU,2022-02-03 23:13:13,48.073,19.2961,36.34,74,100,2.1,overcast clouds
601,Dunedin,NZ,2022-02-03 23:13:13,-45.8742,170.5036,50.47,95,100,2.89,moderate rain
602,Manta,EC,2022-02-03 23:13:14,-0.95,-80.7333,78.58,78,40,11.5,scattered clouds
603,Bogatyye Saby,RU,2022-02-03 23:13:14,56.0102,50.4483,21.69,96,100,8.61,light snow
604,Nemuro,JP,2022-02-03 23:13:14,43.3236,145.575,22.33,70,13,14.07,few clouds
605,San Francisco,US,2022-02-03 23:08:40,37.7749,-122.4194,67.21,50,75,5.01,broken clouds
606,Pontianak,ID,2022-02-03 23:13:15,-0.0333,109.3333,76.98,94,40,3.44,moderate rain
607,Matay,EG,2022-02-03 23:13:05,28.419,30.7792,51.64,51,5,12.57,clear sky
608,Chupa,RU,2022-02-03 23:13:15,66.27,33.0549,-6.02,100,100,1.34,overcast clouds
609,Garden City,US,2022-02-03 23:13:16,42.3256,-83.331,21.45,86,100,5.99,overcast clouds
610,Uniara,IN,2022-02-03 23:13:16,26.15,75.2167,52.77,50,0,7.63,clear sky
611,Uruguaiana,BR,2022-02-03 23:13:16,-29.7547,-57.0883,75.13,88,100,6.91,overcast clouds
612,Vila Franca Do Campo,PT,2022-02-03 23:13:17,37.7167,-25.4333,61.2,80,56,12.19,broken clouds
613,Kununurra,AU,2022-02-03 23:13:17,-15.7667,128.7333,80.58,94,75,4.61,broken clouds
614,Melton,AU,2022-02-03 23:09:31,-37.6833,144.5833,67.93,63,3,11.59,clear sky
615,Shepsi,RU,2022-02-03 23:13:18,44.0361,39.1489,46.24,75,100,4.43,overcast clouds
616,Toktogul,KG,2022-02-03 23:13:18,41.8708,72.9402,20.34,71,37,4.16,scattered clouds
617,Sarangani,PH,2022-02-03 23:13:18,5.4033,125.4636,80.82,76,92,18.5,very heavy rain
618,Slave Lake,CA,2022-02-03 23:13:19,55.2834,-114.769,-0.33,76,100,3.96,overcast clouds
619,Cosala,MX,2022-02-03 23:13:19,24.4125,-106.6908,74.79,38,51,4.88,broken clouds
620,Lavrentiya,RU,2022-02-03 23:13:19,65.5833,-171.0,0.55,59,0,22.06,clear sky
621,Leon Valley,US,2022-02-03 23:13:20,29.4952,-98.6186,33.64,81,100,3.0,overcast clouds
622,Palu,ID,2022-02-03 23:13:20,-0.8917,119.8707,75.31,91,99,2.08,overcast clouds
623,Wuwei,CN,2022-02-03 23:13:20,37.9281,102.6414,16.93,38,1,0.74,clear sky
624,Athabasca,CA,2022-02-03 23:10:02,54.7169,-113.2854,-4.23,86,95,3.02,overcast clouds
625,Thunder Bay,CA,2022-02-03 23:08:47,48.4001,-89.3168,0.55,90,2,1.48,clear sky
626,Asosa,ET,2022-02-03 23:13:21,10.0667,34.5333,68.09,28,42,4.9,scattered clouds
627,West Melbourne,US,2022-02-03 23:12:55,28.0717,-80.6534,75.2,83,0,10.36,clear sky
628,Krasnovishersk,RU,2022-02-03 23:13:21,60.4078,57.082,-1.48,100,100,0.67,overcast clouds
629,Laela,TZ,2022-02-03 23:13:22,-8.5667,32.05,60.96,94,100,3.38,light rain
630,Misratah,LY,2022-02-03 23:13:22,32.3754,15.0925,57.51,55,0,7.36,clear sky
631,Shimoda,JP,2022-02-03 23:13:23,34.6667,138.95,38.1,61,99,7.25,overcast clouds
632,Amapa,BR,2022-02-03 23:13:23,1.0,-52.0,72.18,98,100,2.35,moderate rain
633,Orcopampa,PE,2022-02-03 23:13:23,-15.2661,-72.3417,46.13,91,99,7.29,light rain
634,Kiruna,SE,2022-02-03 23:13:24,67.8557,20.2251,-6.68,84,100,0.0,overcast clouds
635,Atasu,KZ,2022-02-03 23:13:24,48.6814,71.6433,-0.45,83,1,4.99,clear sky
636,Santa Isabel Do Rio Negro,BR,2022-02-03 23:13:24,-0.4139,-65.0192,75.58,93,100,2.46,overcast clouds
637,Nelson Bay,AU,2022-02-03 23:13:25,-32.7167,152.15,68.29,88,49,1.99,scattered clouds
638,Batticaloa,LK,2022-02-03 23:13:25,7.7102,81.6924,74.35,79,14,2.46,few clouds
639,Evensk,RU,2022-02-03 23:13:25,61.95,159.2333,10.81,49,72,20.78,broken clouds
640,Benghazi,LY,2022-02-03 23:13:26,32.1167,20.0667,56.28,56,98,28.32,overcast clouds
641,Sao Luiz Gonzaga,BR,2022-02-03 23:13:26,-28.4083,-54.9608,70.05,93,98,11.77,moderate rain
642,Joppatowne,US,2022-02-03 23:09:28,39.4579,-76.3552,50.14,95,100,0.0,mist
643,Bac Lieu,VN,2022-02-03 23:14:27,9.285,105.7244,77.49,83,27,19.48,scattered clouds
644,Springbok,ZA,2022-02-03 23:14:27,-29.6643,17.8865,64.76,56,0,5.32,clear sky
645,Praia,CV,2022-02-03 23:14:27,14.9215,-23.5087,73.94,40,0,6.91,clear sky
646,Corinto,GR,2022-02-03 23:14:28,37.9407,22.9573,46.89,71,66,1.01,broken clouds
647,Waingapu,ID,2022-02-03 23:14:28,-9.6567,120.2641,79.3,82,85,10.78,overcast clouds
648,Lovozero,RU,2022-02-03 23:14:28,68.005,35.0117,3.61,98,100,2.91,overcast clouds
649,Kalianget,ID,2022-02-03 23:14:29,-7.05,113.9333,78.17,84,96,6.8,overcast clouds
650,Bonfim,BR,2022-02-03 23:14:29,3.0833,-59.95,85.64,49,67,10.11,broken clouds
651,Talcahuano,CL,2022-02-03 23:14:29,-36.7167,-73.1167,67.68,68,0,8.05,clear sky
652,Comodoro Rivadavia,AR,2022-02-03 23:10:32,-45.8667,-67.5,62.46,88,0,9.22,clear sky
653,Tessalit,ML,2022-02-03 23:14:03,20.1986,1.0114,61.52,14,55,12.55,broken clouds
654,Derzhavinsk,KZ,2022-02-03 23:14:30,51.1,66.3167,6.62,85,67,7.09,broken clouds
655,Kindu,CD,2022-02-03 23:14:30,-2.95,25.95,68.2,100,100,1.97,overcast clouds
656,Bud,US,2022-02-03 23:14:31,39.447,-86.1758,21.85,93,100,18.63,snow
657,Clyde River,CA,2022-02-03 23:12:44,70.4692,-68.5914,-9.17,77,100,36.82,heavy snow
658,Bridlington,GB,2022-02-03 23:14:31,54.0831,-0.1919,49.28,79,100,23.29,overcast clouds
659,Ambulu,ID,2022-02-03 23:14:32,-8.345,113.6058,75.45,88,93,3.58,light rain
660,Cabedelo,BR,2022-02-03 23:14:32,-6.9811,-34.8339,83.07,72,92,14.85,overcast clouds
661,Walla Walla,US,2022-02-03 23:13:20,46.0646,-118.343,51.08,82,100,1.99,overcast clouds
662,Acapulco,MX,2022-02-03 23:11:12,16.8634,-99.8901,82.22,65,20,8.05,few clouds
663,Kandrian,PG,2022-02-03 23:14:33,-6.2167,149.55,80.22,78,100,18.1,overcast clouds
664,Arlit,NE,2022-02-03 23:14:33,18.7369,7.3853,57.25,17,1,8.37,clear sky
665,Tongling,CN,2022-02-03 23:14:33,30.95,117.7833,37.8,92,100,2.28,overcast clouds
666,Goderich,CA,2022-02-03 23:13:00,43.7501,-81.7165,15.91,84,100,16.37,overcast clouds
667,Walvis Bay,NA,2022-02-03 23:14:34,-22.9575,14.5053,68.09,78,0,12.12,clear sky
668,Maxixe,MZ,2022-02-03 23:14:34,-23.8597,35.3472,76.14,86,0,6.49,clear sky
669,Zyryanka,RU,2022-02-03 23:14:35,65.75,150.85,-29.87,100,99,5.1,overcast clouds
670,Sinnamary,GF,2022-02-03 23:14:35,5.3833,-52.95,76.66,88,84,11.81,broken clouds
671,Shenjiamen,CN,2022-02-03 23:14:35,29.9576,122.298,44.04,65,96,13.58,overcast clouds
672,Charters Towers,AU,2022-02-03 23:14:36,-20.1,146.2667,74.91,90,100,3.2,overcast clouds
673,Fort Nelson,CA,2022-02-03 23:14:36,58.8053,-122.7002,-11.61,77,100,5.75,light snow
674,Groningen,NL,2022-02-03 23:10:00,53.25,6.75,45.03,92,100,5.01,overcast clouds
675,Coihaique,CL,2022-02-03 23:14:36,-45.5752,-72.0662,66.15,52,75,6.91,broken clouds
676,Brantford,CA,2022-02-03 23:10:18,43.1334,-80.2664,17.67,88,100,3.0,overcast clouds
677,Yurimaguas,PE,2022-02-03 23:14:37,-5.9,-76.0833,79.77,71,96,3.6,overcast clouds
678,Wattegama,LK,2022-02-03 23:14:37,6.7989,81.4808,67.71,93,1,2.86,clear sky
679,Sao Francisco De Assis,BR,2022-02-03 23:14:38,-29.5503,-55.1311,70.88,90,98,8.3,overcast clouds
680,Ures,MX,2022-02-03 23:14:38,29.4333,-110.4,65.7,10,0,6.08,clear sky
681,Abu Samrah,SY,2022-02-03 23:14:38,35.3029,37.1841,46.22,72,35,6.24,scattered clouds
682,Mikhaylovka,RU,2022-02-03 23:14:39,50.06,43.2379,35.78,100,100,10.04,moderate rain
683,Serdobsk,RU,2022-02-03 23:14:39,52.4586,44.2169,32.09,100,100,5.12,snow
684,Vostochnyy,RU,2022-02-03 23:14:39,55.8167,37.8667,21.47,97,100,3.11,snow
685,Ban Nahin,LA,2022-02-03 23:14:40,18.2418,104.2122,58.87,88,32,4.72,scattered clouds
686,Porto De Moz,BR,2022-02-03 23:14:40,-1.7483,-52.2383,74.53,96,100,3.29,moderate rain
687,Hobyo,SO,2022-02-03 23:14:41,5.3505,48.5268,75.96,74,37,17.56,scattered clouds
688,Green River,US,2022-02-03 23:13:01,41.5286,-109.4662,27.0,55,6,16.55,clear sky
689,Gladstone,AU,2022-02-03 23:14:41,-23.85,151.25,78.78,69,100,11.5,overcast clouds
690,Umm Kaddadah,SD,2022-02-03 23:15:41,13.6017,26.6876,69.73,16,6,18.77,clear sky
691,Anloga,GH,2022-02-03 23:15:42,5.7947,0.8973,80.94,81,1,9.46,clear sky
692,Loandjili,CG,2022-02-03 23:15:42,-4.7561,11.8578,78.28,76,85,3.51,overcast clouds
693,Kimberley,ZA,2022-02-03 23:15:43,-28.7323,24.7623,64.09,88,86,4.61,overcast clouds
694,Rocha,UY,2022-02-03 23:15:43,-34.4833,-54.3333,70.72,95,100,3.89,overcast clouds
695,Gold Coast,AU,2022-02-03 23:11:39,-28.0,153.4333,81.19,79,75,11.99,broken clouds
696,Andenes,NO,2022-02-03 23:11:46,69.3143,16.1194,21.18,63,57,25.32,broken clouds
697,Lincoln,US,2022-02-03 23:13:37,40.8,-96.667,20.39,32,0,1.01,clear sky
698,Taloqan,AF,2022-02-03 23:15:44,36.7361,69.5345,35.04,45,0,6.76,clear sky
699,Hornepayne,CA,2022-02-03 23:15:44,49.2138,-84.7705,-11.0,92,26,2.44,scattered clouds
700,Winnemucca,US,2022-02-03 23:15:45,40.973,-117.7357,42.85,36,0,10.36,clear sky
701,Beloha,MG,2022-02-03 23:15:45,-25.1667,45.05,72.66,91,24,12.55,few clouds
702,North Branch,US,2022-02-03 23:15:45,45.5113,-92.9802,5.09,55,6,2.89,clear sky
703,Mantua,IT,2022-02-03 23:15:46,45.1667,10.7833,47.48,88,100,1.99,overcast clouds
704,Sesheke,ZM,2022-02-03 23:15:46,-17.4759,24.2968,66.54,90,98,2.51,overcast clouds
705,Aniva,RU,2022-02-03 23:15:47,46.7144,142.5294,14.11,79,99,16.89,overcast clouds
706,Paraiso,CR,2022-02-03 23:15:47,9.8383,-83.8656,74.16,73,39,3.13,scattered clouds
707,Atyrau,KZ,2022-02-03 23:15:47,47.1167,51.8833,37.42,87,95,22.37,mist
